run_id,run_number,date,url,workflow_sha,mode,gh_aw_version,gh_aw_ref_kind,gh_aw_commit,gh_aw_committed_at,time_to_complete_seconds,agent_job_seconds,copilot_step_seconds,awf_startup_seconds,harness_startup_seconds,copilot_process_seconds,detection_job_seconds,time_to_proxy_step_seconds,proxy_step_to_first_reasoning_seconds,time_to_first_reasoning_seconds
23715080351,120,2026-03-29T17:42:07Z,https://github.com/githubnext/gh-aw-test/actions/runs/23715080351,d7b10adf52f3c54d82fbece249a54f7c1bc42614,inference,,unknown,,,165.0,70.0,31.0,,,,51.0,46.0,,
24428915754,121,2026-04-14T23:54:59Z,https://github.com/githubnext/gh-aw-test/actions/runs/24428915754,e112d6dca1a45d34e01847a90ebf352cb9b812da,inference,v0.68.1,released,5a06d310cf45161bde77d070065a1e1489fc411c,2026-04-10T19:27:44Z,187.0,59.0,29.0,,,,72.0,46.0,,
24432864138,122,2026-04-15T02:13:19Z,https://github.com/githubnext/gh-aw-test/actions/runs/24432864138,2b8ea98630098fb33ba5742ddcecaad903a2c849,inference,v0.68.3,released,ce1794953e0ec42adc41b6fca05e02ab49ee21c3,2026-04-14T23:08:38Z,160.0,55.0,30.0,,,,47.0,44.0,,
25004235028,123,2026-04-27T15:31:21Z,https://github.com/githubnext/gh-aw-test/actions/runs/25004235028,709c535f7a30dbd9cee89e13b317ce0c897ed83e,inference,v0.71.0,released,36e5c36809d74d541861dfe2b5d34a072e019ed1,2026-04-23T21:59:36Z,212.0,66.0,25.0,,,,48.0,94.0,,
27068884706,124,2026-06-06T17:21:09Z,https://github.com/githubnext/gh-aw-test/actions/runs/27068884706,27e585cf546fee2b7eb8e611b9fa884155cea4a6,samples,,unknown,,,203.0,55.0,,,,,,121.0,0.0,121.0
27070132437,125,2026-06-06T18:16:52Z,https://github.com/githubnext/gh-aw-test/actions/runs/27070132437,4d36438f908043898fce5734e4d324754baa956f,samples,,unknown,,,183.0,52.0,,,,,,119.0,0.0,119.0
27070943899,126,2026-06-06T18:53:56Z,https://github.com/githubnext/gh-aw-test/actions/runs/27070943899,1787c0da9ee69e59c3926b7d9bb6361a69fb0827,samples,,unknown,,,182.0,47.0,,,,,,106.0,0.0,106.0
27076419707,127,2026-06-06T23:06:36Z,https://github.com/githubnext/gh-aw-test/actions/runs/27076419707,6c396c39356252c20f4cf5be0233e768b3e6bfa3,samples,,unknown,,,185.0,51.0,,,,,,116.0,1.0,117.0
27076897174,128,2026-06-06T23:30:52Z,https://github.com/githubnext/gh-aw-test/actions/runs/27076897174,4cb31952bb2927677de30ea2fe8e29c38a089c9d,samples,,unknown,,,197.0,36.0,,,,,,124.0,0.0,124.0
27091347380,129,2026-06-07T11:33:39Z,https://github.com/githubnext/gh-aw-test/actions/runs/27091347380,1ddb09f07e23b11965894ea56a9f2cbcc7bcc7b5,samples,,unknown,,,182.0,47.0,,,,,,117.0,0.0,117.0
27095190897,130,2026-06-07T14:22:35Z,https://github.com/githubnext/gh-aw-test/actions/runs/27095190897,4cb85393c97dbcad759226f161fb62c6832342c5,samples,,unknown,,,180.0,38.0,,,,,,127.0,0.0,127.0
27137487482,131,2026-06-08T12:25:40Z,https://github.com/githubnext/gh-aw-test/actions/runs/27137487482,a9f5c972bd6916103c5521cef906c8a9f4ccf9e9,samples,,unknown,,,209.0,48.0,,,,,,130.0,0.0,130.0
27156778822,132,2026-06-08T17:57:29Z,https://github.com/githubnext/gh-aw-test/actions/runs/27156778822,a9e177d5c648a6455ccdbc039c0e26327e600dd8,samples,,unknown,,,200.0,36.0,,,,,,129.0,0.0,129.0
27275214536,133,2026-06-10T12:10:01Z,https://github.com/githubnext/gh-aw-test/actions/runs/27275214536,527bb5e083153fa8d101d50b8213783c50d51ddd,samples,,unknown,,,204.0,55.0,,,,,,127.0,0.0,127.0
27275446796,134,2026-06-10T12:14:10Z,https://github.com/githubnext/gh-aw-test/actions/runs/27275446796,ecaf48664733f5b55fb02a1395d0e859b80f8722,samples,,unknown,,,190.0,42.0,,,,,,120.0,0.0,120.0
27313061072,135,2026-06-10T23:29:01Z,https://github.com/githubnext/gh-aw-test/actions/runs/27313061072,1f05e8925d25d0027fcf3d56725d9523aff84ffd,samples,,unknown,,,216.0,46.0,,,,,,117.0,0.0,117.0
27357083985,136,2026-06-11T15:13:27Z,https://github.com/githubnext/gh-aw-test/actions/runs/27357083985,b8935ec6c69e4cd529bb7bd2c1d1296723309028,samples,,unknown,,,234.0,58.0,,,,,,151.0,0.0,151.0
27978642230,157,2026-06-22T19:32:45Z,https://github.com/githubnext/gh-aw-test/actions/runs/27978642230,e361f6abe6bfed5716b770d2a17976908d8c84f6,samples,v0.79.8,released,8b02ab336d100a5746e9f53b8bc2b22878278a6f,2026-06-12T22:02:20Z,133.0,38.0,,,,,,74.0,0.0,74.0
27655723094,137,2026-06-16T23:47:03Z,https://github.com/githubnext/gh-aw-test/actions/runs/27655723094,370ed77fd3b8138dcfd2680ba4e9b54557f7186a,samples,v0.80.1,released,cee4f9ca58c4c914d2cfe15f49129471e96de496,2026-06-16T23:23:29Z,231.0,51.0,,,,,,130.0,1.0,131.0
27728784857,138,2026-06-18T00:33:11Z,https://github.com/githubnext/gh-aw-test/actions/runs/27728784857,46e02c0d6106e33f57fe0abed56b2008cc436190,inference,v0.80.3-6-g6be6637234-dirty,main,6be6637234c7e879dc74376b6cf731ea8ba189a3,2026-06-18T00:27:29Z,281.0,89.0,37.0,19.618197,5.309601,11.483129,50.0,107.0,32.16,139.16
27755612881,139,2026-06-18T11:14:40Z,https://github.com/githubnext/gh-aw-test/actions/runs/27755612881,97760518a5275848d420691949b974bc9442c55e,samples,99d03d4c56-dirty,main,,,267.0,52.0,,,,,,102.0,0.0,102.0
27760961183,140,2026-06-18T12:55:55Z,https://github.com/githubnext/gh-aw-test/actions/runs/27760961183,1c09a35fd0c1b85377828626e8f04a7b25d27753,samples,v0.80.4-21-gbb2f7a91a1,main,bb2f7a91a1c14b4a8ca3939ae8e4ec95bc56aa24,2026-06-18T12:53:10Z,223.0,49.0,,,,,,132.0,0.0,132.0
27770822879,141,2026-06-18T15:34:27Z,https://github.com/githubnext/gh-aw-test/actions/runs/27770822879,8173d067141e2b55d94eaa3dc0b382a736670a05,samples,bb2a01817b,main,bb2a01817b3d752966a6143ca9a60ef5678f8316,2026-06-18T15:22:08Z,190.0,51.0,,,,,,98.0,0.0,98.0
27787448695,142,2026-06-18T20:30:41Z,https://github.com/githubnext/gh-aw-test/actions/runs/27787448695,4a7cbd6486d4cd4eee29ff9fb9df3adffc7ae3ea,samples,v0.80.4-42-g5c1590bc9c,main,5c1590bc9c0b51880c753694e5ec49e932fa714b,2026-06-18T20:24:19Z,218.0,35.0,,,,,,82.0,1.0,83.0
27792731356,143,2026-06-18T22:17:12Z,https://github.com/githubnext/gh-aw-test/actions/runs/27792731356,a6a77aaeb2f1cb0df851981747c3578b48b9fbc8,samples,05ac29e996,main,05ac29e99662afa716f68e62c0d93f49f22cc511,2026-06-18T21:55:52Z,204.0,48.0,,,,,,106.0,0.0,106.0
27793218533,144,2026-06-18T22:28:45Z,https://github.com/githubnext/gh-aw-test/actions/runs/27793218533,a6a77aaeb2f1cb0df851981747c3578b48b9fbc8,samples,05ac29e996,main,05ac29e99662afa716f68e62c0d93f49f22cc511,2026-06-18T21:55:52Z,185.0,35.0,,,,,,84.0,0.0,84.0
27805721716,145,2026-06-19T04:37:50Z,https://github.com/githubnext/gh-aw-test/actions/runs/27805721716,5864ce1e6a349f5eab3f1668f32addf437b58aee,inference,393419b2fb,main,393419b2fbab303f5aa910484922a44bea92e7ef,2026-06-19T04:19:18Z,292.0,81.0,34.0,15.518617,5.043677,12.453002,63.0,87.0,30.044,117.044
27807257157,146,2026-06-19T05:24:34Z,https://github.com/githubnext/gh-aw-test/actions/runs/27807257157,6066782d05185343eda5e771df2501a519675b30,samples,e004d902eb,main,e004d902ebe4c4d1e6c3396bccd47b0b2d13f1dd,2026-06-19T05:11:17Z,196.0,39.0,,,,,,97.0,0.0,97.0
27847012015,147,2026-06-19T20:28:32Z,https://github.com/githubnext/gh-aw-test/actions/runs/27847012015,50d623adee884a3e7c5791db8f1863a43e907e03,samples,v0.80.6-11-g54da220d38,main,54da220d385bc6e193f9a0256ddf4b708cd3ef97,2026-06-19T19:57:27Z,187.0,44.0,,,,,,98.0,0.0,98.0
27860318787,148,2026-06-20T04:34:30Z,https://github.com/githubnext/gh-aw-test/actions/runs/27860318787,f48f2df5b85aaaee5eed3963f1b56779163fb54a,inference,9ad5040c3f,main,9ad5040c3f6f71f781d6b384b2b39c9697a4aa87,2026-06-20T02:56:40Z,295.0,74.0,28.0,15.000955,2.139872,9.664689,56.0,91.0,23.762,114.762
27867491212,149,2026-06-20T09:49:00Z,https://github.com/githubnext/gh-aw-test/actions/runs/27867491212,60702d68a8ef03f5143bc98d6942bbc576d3b1d6,samples,v0.80.6-22-ge1d2f30e59,main,e1d2f30e59a8beae8c5a6c97cd9eedd5fc573753,2026-06-20T05:58:06Z,175.0,36.0,,,,,,89.0,1.0,90.0
27902558851,150,2026-06-21T11:16:08Z,https://github.com/githubnext/gh-aw-test/actions/runs/27902558851,de1b226cff6a5c4b73222d15e3fae05238e48e07,inference,11621ebf85,main,11621ebf85863108936f4fd301e576086acf6847,2026-06-21T11:00:20Z,286.0,71.0,31.0,17.541073,2.74695,10.075203,66.0,84.0,27.214,111.214
28007730114,161,2026-06-23T06:46:36Z,https://github.com/githubnext/gh-aw-test/actions/runs/28007730114,53dbfa5ac1d0c99c6c6b27759aff97b80454eb94,samples,v0.80.8,released,a4018535fc14d86a805df01f7381f936a356f0f2,2026-06-22T00:13:27Z,130.0,34.0,,,,,,61.0,0.0,61.0
27929948232,151,2026-06-22T04:38:18Z,https://github.com/githubnext/gh-aw-test/actions/runs/27929948232,a1e9080e3a798b0b22f8427be34bd13a6ea8497c,inference,48f9e0c507,main,48f9e0c507b758637246ec70e83407518f8e23e3,2026-06-22T02:51:26Z,300.0,79.0,29.0,15.80147,2.160866,9.71194,68.0,90.0,24.547,114.547
27980997744,158,2026-06-22T20:13:46Z,https://github.com/githubnext/gh-aw-test/actions/runs/27980997744,e94753f7e165db1ce8eaa6212cb62e96cf94ba81,samples,v0.80.9,released,a3624368c4e7d877586ff2784b61de73405e2cdd,2026-06-22T06:39:52Z,187.0,79.0,,,,,,117.0,0.0,117.0
28010060361,162,2026-06-23T07:34:24Z,https://github.com/githubnext/gh-aw-test/actions/runs/28010060361,2d739e4e2d647b2c66a834c7b98f4277f7eb113b,samples,v0.80.9,released,a3624368c4e7d877586ff2784b61de73405e2cdd,2026-06-22T06:39:52Z,122.0,39.0,,,,,,63.0,0.0,63.0
28080620168,165,2026-06-24T06:48:32Z,https://github.com/githubnext/gh-aw-test/actions/runs/28080620168,9a967d17eee0f22304c0ed98da2045452841ba02,samples,v0.80.9,released,a3624368c4e7d877586ff2784b61de73405e2cdd,2026-06-22T06:39:52Z,154.0,40.0,,,,,,76.0,0.0,76.0
28218289083,170,2026-06-26T05:02:35Z,https://github.com/githubnext/gh-aw-test/actions/runs/28218289083,becf046aac0b133354e03d6b34ace94f85bfed6f,samples,v0.80.9,released,a3624368c4e7d877586ff2784b61de73405e2cdd,2026-06-22T06:39:52Z,125.0,35.0,,,,,,68.0,0.0,68.0
28279080378,173,2026-06-27T04:50:52Z,https://github.com/githubnext/gh-aw-test/actions/runs/28279080378,8c970efe709e059add1867626e9cdcc4cd37accd,samples,v0.80.9,released,a3624368c4e7d877586ff2784b61de73405e2cdd,2026-06-22T06:39:52Z,123.0,33.0,,,,,,61.0,0.0,61.0
28311968386,176,2026-06-28T05:00:12Z,https://github.com/githubnext/gh-aw-test/actions/runs/28311968386,9fadb5483fe685fc3c7478d880b6a9f161903c3b,samples,v0.80.9,released,a3624368c4e7d877586ff2784b61de73405e2cdd,2026-06-22T06:39:52Z,156.0,47.0,,,,,,74.0,1.0,75.0
28350016186,179,2026-06-29T05:09:29Z,https://github.com/githubnext/gh-aw-test/actions/runs/28350016186,0b549e5a84e2fc5fff3d804a3cd34eb70bac65d0,samples,v0.80.9,released,a3624368c4e7d877586ff2784b61de73405e2cdd,2026-06-22T06:39:52Z,144.0,35.0,,,,,,89.0,0.0,89.0
32669908516,400,2026-08-23T22:13:02Z,https://github.com/githubnext/gh-aw-test/actions/runs/32669908516,ad1bfe19fe2dbd59e87f5d4ca0869f4a3c9a0569,inference,v0.80.9,released,a3624368c4e7d877586ff2784b61de73405e2cdd,2026-06-22T06:39:52Z,184.0,68.0,30.0,17.290816,3.733441,8.291937,61.0,54.0,27.093,81.093
27966398112,153,2026-06-22T16:04:22Z,https://github.com/githubnext/gh-aw-test/actions/runs/27966398112,c9786648403e377d0ccbe0172c977e7d354c03a9,inference,42a1743825,main,42a1743825aa4def53a0b6f1d7a7bdff5c90f685,2026-06-22T14:43:45Z,374.0,89.0,31.0,15.628942,3.175672,11.158148,82.0,156.0,26.78,182.78
27969702756,154,2026-06-22T16:58:37Z,https://github.com/githubnext/gh-aw-test/actions/runs/27969702756,9ca6123cbec689294fc405b270ad142cd8ca14ec,samples,efe940eb13,main,efe940eb13d078d6f3d3f6547ad739f72fc5c6ee,2026-06-22T16:39:35Z,240.0,69.0,,,,,,134.0,0.0,134.0
27970094123,155,2026-06-22T17:05:12Z,https://github.com/githubnext/gh-aw-test/actions/runs/27970094123,a1ec1ffb25b389b6b4ca828c91174fc225db56bc,inference,5fdf022bd5,main,5fdf022bd58148e85db2180d4f2905dba2858fd1,2026-06-22T17:02:46Z,315.0,77.0,32.0,16.112237,4.631608,10.574799,63.0,100.0,28.471,128.471
27974839626,156,2026-06-22T18:26:35Z,https://github.com/githubnext/gh-aw-test/actions/runs/27974839626,8a85925ccfb0009a123ef773429d84de04b9bd2d,samples,d55b907fd2,main,d55b907fd2d7dc8e465a4ca272ba294ca355ee50,2026-06-22T17:46:30Z,237.0,54.0,,,,,,127.0,0.0,127.0
28002287151,159,2026-06-23T04:30:29Z,https://github.com/githubnext/gh-aw-test/actions/runs/28002287151,0813a335780d032652748b4a284c30d70e753c8b,inference,af58d8c1ad,main,af58d8c1ad2c970d1266170414eb180d919b46dd,2026-06-23T04:16:07Z,325.0,84.0,38.0,18.763026,2.579509,15.790787,63.0,120.0,33.652,153.652
28005263275,160,2026-06-23T05:49:57Z,https://github.com/githubnext/gh-aw-test/actions/runs/28005263275,ade822bae75aaa6fac142343ee762d7ca745f04f,samples,709febe6be,main,709febe6be94f5506e285c40ceebeacf47d9376a,2026-06-23T05:31:13Z,184.0,35.0,,,,,,82.0,1.0,83.0
28082735279,166,2026-06-24T07:32:37Z,https://github.com/githubnext/gh-aw-test/actions/runs/28082735279,438040f090d03f0947a54e477746957afbca83ff,samples,v0.81.2,released,433c534f2589b5ae3bffc666a09c02dc8004a837,2026-06-24T03:34:55Z,140.0,40.0,,,,,,72.0,0.0,72.0
32670165585,401,2026-08-23T22:18:08Z,https://github.com/githubnext/gh-aw-test/actions/runs/32670165585,b41b8eec054689a8690758c9ec233fe265cb2dac,inference,v0.81.2,released,433c534f2589b5ae3bffc666a09c02dc8004a837,2026-06-24T03:34:55Z,200.0,86.0,34.0,18.744409,5.324697,8.486903,48.0,70.0,29.591,99.591
28078251384,164,2026-06-24T05:52:21Z,https://github.com/githubnext/gh-aw-test/actions/runs/28078251384,acfd53af748a83d132c2afee1e13f74b81b26f27,samples,5373e080d7,main,5373e080d7333c296810f807d16e25484412cd00,2026-06-24T05:01:18Z,245.0,61.0,,,,,,119.0,0.0,119.0
28149856514,168,2026-06-25T05:51:31Z,https://github.com/githubnext/gh-aw-test/actions/runs/28149856514,6dc7db8b2419993174ac0b3a055a7b2de6700ef7,samples,fb1020c051,main,fb1020c0514ffc99526ea793ff52ff561371f4d3,2026-06-25T05:21:56Z,224.0,55.0,,,,,,114.0,0.0,114.0
32516874360,295,2026-08-21T19:07:53Z,https://github.com/githubnext/gh-aw-test/actions/runs/32516874360,add0fc08e27e6557aac626f21ebb7b17c55eaff8,inference,v0.81.3-44-g42b108eaae,main,42b108eaae3ac36f6ab5ecb1ea5bcb664cfbb784,2026-06-25T23:35:56Z,341.0,95.0,31.0,19.40438,1.222815,9.40856,67.0,143.0,26.749,169.749
28219079099,171,2026-06-26T05:26:09Z,https://github.com/githubnext/gh-aw-test/actions/runs/28219079099,99af21619668caef23b9d94b846739557aee84a2,samples,v0.81.4,released,1db7b9b617011f63a991644b80bfd7e4a044c34e,2026-06-26T03:58:10Z,121.0,30.0,,,,,,59.0,0.0,59.0
32670417401,402,2026-08-23T22:23:09Z,https://github.com/githubnext/gh-aw-test/actions/runs/32670417401,4bc84a867910dda5e841bb2c99582c708de67bbb,inference,v0.81.4,released,1db7b9b617011f63a991644b80bfd7e4a044c34e,2026-06-26T03:58:10Z,263.0,75.0,30.0,18.014048,1.566121,8.833885,66.0,56.0,25.252,81.252
28217400854,169,2026-06-26T04:35:36Z,https://github.com/githubnext/gh-aw-test/actions/runs/28217400854,8f9757a5cc8e8f72f0d9bd047554a669d3b0cb5b,samples,v0.81.4-1-g27b2f4f2cf,main,27b2f4f2cf5196411315c1789cc6d4db8d232ad6,2026-06-26T04:31:35Z,263.0,56.0,,,,,,101.0,0.0,101.0
32517745517,296,2026-08-21T19:17:57Z,https://github.com/githubnext/gh-aw-test/actions/runs/32517745517,0979ee4159f676ef40c150c651bba3faaa66f62a,inference,v0.81.4-69-g95b5cd98a9,main,95b5cd98a9b94d9eee85349ffca3ebf35d76aad2,2026-06-26T23:03:42Z,284.0,87.0,28.0,15.673355,1.772269,9.572967,81.0,93.0,23.781,116.781
28279717728,174,2026-06-27T05:20:08Z,https://github.com/githubnext/gh-aw-test/actions/runs/28279717728,c4a478f3ee5c44a3c0ddf3e0677fff45441069ec,samples,v0.81.5,released,f414fc71e36a3950e056639a12799fdf281e9c4f,2026-06-27T00:34:34Z,118.0,31.0,,,,,,53.0,1.0,54.0
32670740580,403,2026-08-23T22:29:34Z,https://github.com/githubnext/gh-aw-test/actions/runs/32670740580,38467a9c2da246232fc5a742f3aefb3361fccc87,inference,v0.81.5,released,f414fc71e36a3950e056639a12799fdf281e9c4f,2026-06-27T00:34:34Z,175.0,66.0,27.0,17.205626,1.530359,7.166639,51.0,56.0,23.227,79.227
28278577935,172,2026-06-27T04:28:10Z,https://github.com/githubnext/gh-aw-test/actions/runs/28278577935,a78c4b5bb9cc83711fc6bb3cc4731e939fba130e,samples,bc0a5e4c9d,main,bc0a5e4c9d3c28726bc9a5685b7ba70f357c9884,2026-06-27T03:31:53Z,200.0,38.0,,,,,,107.0,0.0,107.0
28312408055,177,2026-06-28T05:21:21Z,https://github.com/githubnext/gh-aw-test/actions/runs/28312408055,555579de0c8d56a156e64646a1e9a2c2ca97bc9d,samples,v0.81.6,released,eed4304d8740f0593f2797276cb8299d228ffd9b,2026-06-27T05:28:19Z,132.0,41.0,,,,,,64.0,0.0,64.0
28421393144,182,2026-06-30T04:58:44Z,https://github.com/githubnext/gh-aw-test/actions/runs/28421393144,9f029daf5a8731cf48cbc8593c6382078a325191,samples,v0.81.6,released,eed4304d8740f0593f2797276cb8299d228ffd9b,2026-06-27T05:28:19Z,143.0,40.0,,,,,,76.0,0.0,76.0
28494898649,185,2026-07-01T05:06:19Z,https://github.com/githubnext/gh-aw-test/actions/runs/28494898649,da2eb368d77919bb839b22bea4b762b5bc62a10a,samples,v0.81.6,released,eed4304d8740f0593f2797276cb8299d228ffd9b,2026-06-27T05:28:19Z,114.0,32.0,,,,,,50.0,1.0,51.0
28566405365,188,2026-07-02T04:55:03Z,https://github.com/githubnext/gh-aw-test/actions/runs/28566405365,5c19012935e3308c84a065db1f8087bdbac89c95,samples,v0.81.6,released,eed4304d8740f0593f2797276cb8299d228ffd9b,2026-06-27T05:28:19Z,164.0,44.0,,,,,,69.0,1.0,70.0
28638973515,191,2026-07-03T04:44:24Z,https://github.com/githubnext/gh-aw-test/actions/runs/28638973515,b3e0bbe81f9d0457e2e5793740135e15c6230375,samples,v0.81.6,released,eed4304d8740f0593f2797276cb8299d228ffd9b,2026-06-27T05:28:19Z,87.0,30.0,,,,,,51.0,0.0,51.0
28695205575,194,2026-07-04T04:41:49Z,https://github.com/githubnext/gh-aw-test/actions/runs/28695205575,881c13ef4bd44654f210d1825bc9569d9a10817c,samples,v0.81.6,released,eed4304d8740f0593f2797276cb8299d228ffd9b,2026-06-27T05:28:19Z,107.0,41.0,,,,,,60.0,1.0,61.0
28729898081,197,2026-07-05T04:49:09Z,https://github.com/githubnext/gh-aw-test/actions/runs/28729898081,f559bdfbeb04c32bdd5258e7d00775f88030db3f,samples,v0.81.6,released,eed4304d8740f0593f2797276cb8299d228ffd9b,2026-06-27T05:28:19Z,97.0,41.0,,,,,,49.0,0.0,49.0
28768755064,200,2026-07-06T04:55:48Z,https://github.com/githubnext/gh-aw-test/actions/runs/28768755064,948ac77d1f80d78408c724f560f603ffd6be8505,samples,v0.81.6,released,eed4304d8740f0593f2797276cb8299d228ffd9b,2026-06-27T05:28:19Z,104.0,43.0,,,,,,59.0,0.0,59.0
28917943442,203,2026-07-08T04:39:24Z,https://github.com/githubnext/gh-aw-test/actions/runs/28917943442,f357b726fe3bb430c95c208886d3a79589a91acb,samples,v0.81.6,released,eed4304d8740f0593f2797276cb8299d228ffd9b,2026-06-27T05:28:19Z,79.0,29.0,,,,,,44.0,0.0,44.0
28994888262,207,2026-07-09T04:50:35Z,https://github.com/githubnext/gh-aw-test/actions/runs/28994888262,6133a2612c1bfaa4330254b04b8ca57d2798dad5,samples,v0.81.6,released,eed4304d8740f0593f2797276cb8299d228ffd9b,2026-06-27T05:28:19Z,169.0,38.0,,,,,,121.0,0.0,121.0
29069942710,210,2026-07-10T04:49:50Z,https://github.com/githubnext/gh-aw-test/actions/runs/29069942710,20df5e3eda91014ad183e06def2ee1bf5fe778d2,samples,v0.81.6,released,eed4304d8740f0593f2797276cb8299d228ffd9b,2026-06-27T05:28:19Z,106.0,42.0,,,,,,60.0,1.0,61.0
29139701726,213,2026-07-11T04:30:04Z,https://github.com/githubnext/gh-aw-test/actions/runs/29139701726,2d35ad25f67f43ad7884d16b3197189e21a6e927,samples,v0.81.6,released,eed4304d8740f0593f2797276cb8299d228ffd9b,2026-06-27T05:28:19Z,112.0,38.0,,,,,,53.0,0.0,53.0
29180010256,216,2026-07-12T04:38:48Z,https://github.com/githubnext/gh-aw-test/actions/runs/29180010256,c0fbd6bdf05eeb1f0c00cd80370ad16d4c0dad66,samples,v0.81.6,released,eed4304d8740f0593f2797276cb8299d228ffd9b,2026-06-27T05:28:19Z,81.0,33.0,,,,,,45.0,0.0,45.0
29224633530,219,2026-07-13T04:43:39Z,https://github.com/githubnext/gh-aw-test/actions/runs/29224633530,b857f1b369191bde857d8837ae28d1a2202d06a3,samples,v0.81.6,released,eed4304d8740f0593f2797276cb8299d228ffd9b,2026-06-27T05:28:19Z,78.0,31.0,,,,,,41.0,0.0,41.0
29306039015,222,2026-07-14T04:28:04Z,https://github.com/githubnext/gh-aw-test/actions/runs/29306039015,7f3d51fc80112caba2acd850314f161c956e8a6d,samples,v0.81.6,released,eed4304d8740f0593f2797276cb8299d228ffd9b,2026-06-27T05:28:19Z,97.0,38.0,,,,,,51.0,0.0,51.0
29389347201,225,2026-07-15T04:35:40Z,https://github.com/githubnext/gh-aw-test/actions/runs/29389347201,0e290588a796a7e5f15a70545490b35e391bb1b7,samples,v0.81.6,released,eed4304d8740f0593f2797276cb8299d228ffd9b,2026-06-27T05:28:19Z,148.0,41.0,,,,,,98.0,0.0,98.0
29471585601,228,2026-07-16T04:31:43Z,https://github.com/githubnext/gh-aw-test/actions/runs/29471585601,7e0794c56728287912c87c1d5207bbb125b5592c,samples,v0.81.6,released,eed4304d8740f0593f2797276cb8299d228ffd9b,2026-06-27T05:28:19Z,127.0,36.0,,,,,,92.0,0.0,92.0
29555331319,231,2026-07-17T04:38:05Z,https://github.com/githubnext/gh-aw-test/actions/runs/29555331319,06e2fb480379835759874ab2fe4ad5ef021fac79,samples,v0.81.6,released,eed4304d8740f0593f2797276cb8299d228ffd9b,2026-06-27T05:28:19Z,103.0,41.0,,,,,,52.0,0.0,52.0
29630788645,234,2026-07-18T04:34:58Z,https://github.com/githubnext/gh-aw-test/actions/runs/29630788645,7769ccdcddbbf67bef0f530ef1f8e609dd785a27,samples,v0.81.6,released,eed4304d8740f0593f2797276cb8299d228ffd9b,2026-06-27T05:28:19Z,97.0,35.0,,,,,,60.0,0.0,60.0
29673617204,237,2026-07-19T04:38:06Z,https://github.com/githubnext/gh-aw-test/actions/runs/29673617204,750d7ff8db291b739a54175573b0d41338ab9568,samples,v0.81.6,released,eed4304d8740f0593f2797276cb8299d228ffd9b,2026-06-27T05:28:19Z,101.0,43.0,,,,,,59.0,0.0,59.0
29717709499,240,2026-07-20T04:47:56Z,https://github.com/githubnext/gh-aw-test/actions/runs/29717709499,2e3cbcf01c4a171401945aa94124fe93f0035a46,samples,v0.81.6,released,eed4304d8740f0593f2797276cb8299d228ffd9b,2026-06-27T05:28:19Z,102.0,39.0,,,,,,54.0,0.0,54.0
32670997510,404,2026-08-23T22:34:28Z,https://github.com/githubnext/gh-aw-test/actions/runs/32670997510,ccbfb9be6cab2e05762b178f3ca810d5303c7263,inference,v0.81.6,released,eed4304d8740f0593f2797276cb8299d228ffd9b,2026-06-27T05:28:19Z,180.0,70.0,30.0,17.151853,3.736813,8.209185,50.0,58.0,26.309,84.309
32518500863,297,2026-08-21T19:26:44Z,https://github.com/githubnext/gh-aw-test/actions/runs/32518500863,24866b5b6d1e478d77a5a29c5726be33eed66f2b,inference,v0.81.6-27-g9b8946c72e,main,9b8946c72eac79ab9d1c7656df083b69921f4e37,2026-06-27T23:58:40Z,305.0,104.0,32.0,17.600943,3.816938,9.146248,72.0,109.0,27.513,136.513
28311501615,175,2026-06-28T04:37:02Z,https://github.com/githubnext/gh-aw-test/actions/runs/28311501615,b05c50d9610ccc930779a767645d33b9f9032fdb,samples,2d16c282d0,main,2d16c282d0fa3e367972fb3383669a960621ad02,2026-06-28T02:30:33Z,202.0,39.0,,,,,,94.0,0.0,94.0
32519294171,298,2026-08-21T19:36:00Z,https://github.com/githubnext/gh-aw-test/actions/runs/32519294171,52f8508d8f07839980f497f133e8f605b8c3dc5c,inference,v0.81.6-88-g59d4d3b44a,main,59d4d3b44afaba2865a921d99a6d30510fb5b793,2026-06-28T23:50:56Z,309.0,97.0,28.0,15.388624,1.986345,9.512309,62.0,123.0,23.596,146.596
28348977938,178,2026-06-29T04:38:00Z,https://github.com/githubnext/gh-aw-test/actions/runs/28348977938,620f0f4b71bd3ac22af8c3022144e57bdaf4e1a0,samples,d6d91600fd,main,d6d91600fd9a49e8807a214357a70294a70a9bee,2026-06-29T02:56:08Z,247.0,59.0,,,,,,107.0,0.0,107.0
28422101988,183,2026-06-30T05:17:47Z,https://github.com/githubnext/gh-aw-test/actions/runs/28422101988,f69567c26e0ec41134eee1735da72e195f635ee6,samples,v0.82.0,released,be745b1aaf691dea9880c4dec3d55777027529c4,2026-06-29T16:26:20Z,151.0,33.0,,,,,,92.0,0.0,92.0
32671255703,405,2026-08-23T22:39:30Z,https://github.com/githubnext/gh-aw-test/actions/runs/32671255703,1397f3149d50ef845c556c7dcf22dbacee4a246c,inference,v0.82.0,released,be745b1aaf691dea9880c4dec3d55777027529c4,2026-06-29T16:26:20Z,185.0,71.0,29.0,15.720735,3.292255,8.77381,52.0,55.0,24.684,79.684
32520135455,299,2026-08-21T19:45:51Z,https://github.com/githubnext/gh-aw-test/actions/runs/32520135455,9e7b3d4ed4575a22c59b8bd19bb8eeb7ea2eb50c,inference,v0.82.0-41-g663ad7b5aa,main,663ad7b5aa7cbf4c5d56f4a73d99c8d95f09e466,2026-06-29T23:08:31Z,441.0,177.0,120.0,13.462305,4.769846,9.244904,69.0,104.0,24.526,128.526
28420427724,181,2026-06-30T04:31:35Z,https://github.com/githubnext/gh-aw-test/actions/runs/28420427724,459501b772faad42bdbca841d06a0bdc5014e3a3,samples,7698da96a6,main,7698da96a6f4f833f00df08778eb7c9da192c3d8,2026-06-30T03:42:01Z,184.0,39.0,,,,,,85.0,0.0,85.0
28495572839,186,2026-07-01T05:24:23Z,https://github.com/githubnext/gh-aw-test/actions/runs/28495572839,d02883c487be7544990aec4c8ca7cf0472a741f3,samples,v0.82.1,released,b5fdd698c629c91b387d059628db059bcda73980,2026-06-30T22:17:32Z,122.0,33.0,,,,,,61.0,0.0,61.0
28567655527,189,2026-07-02T05:27:57Z,https://github.com/githubnext/gh-aw-test/actions/runs/28567655527,4e51449c7b6d7bfd0606e0129b5e8721411740a8,samples,v0.82.1,released,b5fdd698c629c91b387d059628db059bcda73980,2026-06-30T22:17:32Z,125.0,33.0,,,,,,58.0,0.0,58.0
32671507245,406,2026-08-23T22:44:25Z,https://github.com/githubnext/gh-aw-test/actions/runs/32671507245,9a7a5f129dd72c0b64022bdd617490c827cee20b,inference,v0.82.1,released,b5fdd698c629c91b387d059628db059bcda73980,2026-06-30T22:17:32Z,281.0,153.0,117.0,12.491187,4.095342,7.737864,62.0,51.0,21.79,72.79
28493889040,184,2026-07-01T04:38:13Z,https://github.com/githubnext/gh-aw-test/actions/runs/28493889040,ccfc7ca66d8a812ea067bd61f653538d40b6fb22,samples,a146daa7e6,main,a146daa7e61edb92373a44b9fc98e06bc7429cce,2026-07-01T04:26:32Z,310.0,37.0,,,,,,119.0,0.0,119.0
32524065089,301,2026-08-21T20:32:24Z,https://github.com/githubnext/gh-aw-test/actions/runs/32524065089,6fa00defc4eca55b73f3b33a36b5e7480f1b5f14,inference,v0.82.1-68-ge8b9dc7132,main,e8b9dc7132e3b86282d093daf64f9550046af3c8,2026-07-01T21:42:52Z,396.0,180.0,113.0,10.628805,1.565753,8.700662,74.0,111.0,17.65,128.65
28565506990,187,2026-07-02T04:30:32Z,https://github.com/githubnext/gh-aw-test/actions/runs/28565506990,170d4780c10278271c5dd74907df6ebb0e2c2d09,samples,588de5c52d,main,588de5c52dff0624c2afd357862bbf66c3170402,2026-07-02T01:03:56Z,218.0,60.0,,,,,,133.0,0.0,133.0
28640205457,192,2026-07-03T05:20:14Z,https://github.com/githubnext/gh-aw-test/actions/runs/28640205457,65b9502a58e894881f2e916c6019d2cc79ba103c,samples,v0.82.2,released,0b1173e7d380fb68a9d6749af62e49ca050eefc1,2026-07-02T16:52:47Z,100.0,41.0,,,,,,59.0,0.0,59.0
28696089774,195,2026-07-04T05:21:28Z,https://github.com/githubnext/gh-aw-test/actions/runs/28696089774,5148219b8fd00418234bdaa0d6da08495a228a92,samples,v0.82.2,released,0b1173e7d380fb68a9d6749af62e49ca050eefc1,2026-07-02T16:52:47Z,92.0,37.0,,,,,,53.0,1.0,54.0
28730324398,198,2026-07-05T05:10:10Z,https://github.com/githubnext/gh-aw-test/actions/runs/28730324398,e8ae34824900b6d1b7c3a8b60c77c0825fb1c366,samples,v0.82.2,released,0b1173e7d380fb68a9d6749af62e49ca050eefc1,2026-07-02T16:52:47Z,92.0,38.0,,,,,,55.0,0.0,55.0
28769422119,201,2026-07-06T05:14:20Z,https://github.com/githubnext/gh-aw-test/actions/runs/28769422119,14a84376967add45155e8b64f36cf12bd1db3000,samples,v0.82.2,released,0b1173e7d380fb68a9d6749af62e49ca050eefc1,2026-07-02T16:52:47Z,114.0,44.0,,,,,,57.0,0.0,57.0
32671833050,407,2026-08-23T22:50:52Z,https://github.com/githubnext/gh-aw-test/actions/runs/32671833050,fa508c8c13cc3df21bc1c109195cc2aab7fe5405,inference,v0.82.2,released,0b1173e7d380fb68a9d6749af62e49ca050eefc1,2026-07-02T16:52:47Z,300.0,194.0,127.0,14.308073,8.109226,10.08522,54.0,78.0,29.082,107.082
32524978300,302,2026-08-21T20:43:04Z,https://github.com/githubnext/gh-aw-test/actions/runs/32524978300,c8994627f93adab8aa3f40b2b98375f21991d8a4,inference,v0.82.2-11-g98d108e495,main,98d108e4959308a8fe548ac14136a112c339fcfb,2026-07-02T23:54:40Z,374.0,169.0,111.0,9.490722,1.67024,7.554737,59.0,94.0,16.135,110.135
28638283284,190,2026-07-03T04:23:47Z,https://github.com/githubnext/gh-aw-test/actions/runs/28638283284,de75ba4df2a4d9b125fea7bd432e433ad6eadc11,samples,fea1a84b8d,main,fea1a84b8db66b7b288c31b0950ddd3e979cece8,2026-07-03T04:17:49Z,201.0,48.0,,,,,,85.0,0.0,85.0
32525853446,303,2026-08-21T20:53:42Z,https://github.com/githubnext/gh-aw-test/actions/runs/32525853446,5133be2fd8932f88053ea264d0c00ac6e4b689ce,inference,v0.82.2-48-g332d5e24d2,main,332d5e24d2c6c47b0cd58f8694911c6591c6de8a,2026-07-03T16:03:51Z,400.0,165.0,115.0,8.851481,3.974727,9.197228,68.0,96.0,18.246,114.246
28694744964,193,2026-07-04T04:21:14Z,https://github.com/githubnext/gh-aw-test/actions/runs/28694744964,01432d55ed336eecf75a66a0dbe639c3e26e5eab,samples,5c72cddd1f,main,5c72cddd1fd8edec5a3ca461840ae52c4897ed6c,2026-07-04T04:15:43Z,209.0,45.0,,,,,,95.0,1.0,96.0
32526714151,304,2026-08-21T21:04:12Z,https://github.com/githubnext/gh-aw-test/actions/runs/32526714151,c60921a8af6f9ed7b296592b14a0245774610dc3,inference,v0.82.2-99-g117370b507,main,117370b507e5c712b8d981e5b7d6601a078821d9,2026-07-04T18:05:47Z,359.0,158.0,111.0,8.771459,1.076777,8.386536,67.0,86.0,14.593,100.593
28729494129,196,2026-07-05T04:29:31Z,https://github.com/githubnext/gh-aw-test/actions/runs/28729494129,e2ca1c9f0b5014f675ab938411f3b6b7789c2387,samples,abade8aa9c,main,abade8aa9c70e638000d9afa9c20df3efcfc13a7,2026-07-05T04:13:29Z,172.0,48.0,,,,,,79.0,0.0,79.0
32527568032,305,2026-08-21T21:14:42Z,https://github.com/githubnext/gh-aw-test/actions/runs/32527568032,1a444a9677e63984f782449daa04ed3bf93176b1,inference,v0.82.2-171-g927a689cee,main,927a689cee61cfdc4a6787079dca356192b70bec,2026-07-05T22:11:39Z,386.0,173.0,113.0,10.696636,1.067766,8.573425,78.0,97.0,17.41,114.41
28768041417,199,2026-07-06T04:34:15Z,https://github.com/githubnext/gh-aw-test/actions/runs/28768041417,4c130c1a2e6517de66da38dd3dde93aac9a03e23,samples,c9361ede13,main,c9361ede1380a89768b06f5ba7dba06bd5b7290a,2026-07-06T02:55:43Z,171.0,42.0,,,,,,81.0,0.0,81.0
28918472820,204,2026-07-08T04:53:56Z,https://github.com/githubnext/gh-aw-test/actions/runs/28918472820,379a2817326ca81c420ae516f2979644714b3aaf,samples,v0.82.3,released,afad433c8081160f52c27dd324bf208c194a2717,2026-07-07T09:28:53Z,89.0,36.0,,,,,,48.0,0.0,48.0
32672158845,408,2026-08-23T22:57:21Z,https://github.com/githubnext/gh-aw-test/actions/runs/32672158845,a8d4064d93b58ad97a646799189c8933af386399,inference,v0.82.3,released,afad433c8081160f52c27dd324bf208c194a2717,2026-07-07T09:28:53Z,296.0,167.0,118.0,13.65972,3.499597,7.999492,70.0,61.0,22.273,83.273
32530466379,307,2026-08-21T21:52:03Z,https://github.com/githubnext/gh-aw-test/actions/runs/32530466379,e7a821a3eb5327fab3c0ebcc760daf93e4688382,inference,v0.82.3-15-gda168b8262,main,da168b8262ffd5707c04c77a2fdbadc70aac6309,2026-07-07T19:28:45Z,362.0,167.0,114.0,9.288199,3.858496,7.900812,67.0,107.0,18.387,125.387
28917102765,202,2026-07-08T04:16:44Z,https://github.com/githubnext/gh-aw-test/actions/runs/28917102765,719760a5538fbcf42817fc090a35800453231a0a,samples,f50594627a,main,f50594627ae3dda699f99604903441d2dcc8f993,2026-07-08T03:02:15Z,161.0,49.0,,,,,,90.0,0.0,90.0
32672497848,409,2026-08-23T23:04:00Z,https://github.com/githubnext/gh-aw-test/actions/runs/32672497848,f77c5d33c92a54ff68c1d6abbd1104c592bc8073,inference,v0.82.4,released,c94f43285a784cc6eec4f3e57c93f537f5cfdf00,2026-07-08T05:14:15Z,277.0,143.0,110.0,8.568011,1.233832,7.599849,55.0,55.0,14.855,69.855
28937730899,205,2026-07-08T11:03:37Z,https://github.com/githubnext/gh-aw-test/actions/runs/28937730899,6de1219d4df3a71f654ad7b1fe290916937140a7,samples,777c1be79e,main,777c1be79e822242a60bd8a9172d2b88db792f57,2026-07-08T10:51:37Z,171.0,41.0,,,,,,93.0,0.0,93.0
32672994127,410,2026-08-23T23:13:49Z,https://github.com/githubnext/gh-aw-test/actions/runs/32672994127,e893bf5ed2766850222eee4f07588cba91bcd903,inference,v0.82.6,released,adb344b16f741da11a367e06d099653147eadc43,2026-07-08T12:58:16Z,260.0,152.0,109.0,8.90064,1.089455,6.835031,53.0,57.0,14.379,71.379
32531331276,308,2026-08-21T22:03:37Z,https://github.com/githubnext/gh-aw-test/actions/runs/32531331276,3fbfac60c0fb9bb27e543d28ac4770acb8f27b0c,inference,v0.82.6-11-gbd5467ff41,main,bd5467ff4106fd4970e359c1569acfc96209bf04,2026-07-08T20:23:03Z,421.0,169.0,112.0,9.493347,0.588,8.966011,59.0,152.0,15.771,167.771
28995516262,208,2026-07-09T05:07:42Z,https://github.com/githubnext/gh-aw-test/actions/runs/28995516262,f587167f1db013c61963b6c8a4d867556f7561f0,samples,v0.82.7,released,f78aa11992eb3e40e7e8c4207d98389edc377ea3,2026-07-09T03:26:19Z,96.0,33.0,,,,,,51.0,0.0,51.0
29070774653,211,2026-07-10T05:11:32Z,https://github.com/githubnext/gh-aw-test/actions/runs/29070774653,b8e48f384acfa3ea36aa8d9416ba4805eeffd02f,samples,v0.82.7,released,f78aa11992eb3e40e7e8c4207d98389edc377ea3,2026-07-09T03:26:19Z,110.0,47.0,,,,,,63.0,0.0,63.0
29140095020,214,2026-07-11T04:44:40Z,https://github.com/githubnext/gh-aw-test/actions/runs/29140095020,49a0df4cc337b1b486c4695b6edb71a184f7381f,samples,v0.82.7,released,f78aa11992eb3e40e7e8c4207d98389edc377ea3,2026-07-09T03:26:19Z,101.0,47.0,,,,,,59.0,0.0,59.0
32673316258,411,2026-08-23T23:20:20Z,https://github.com/githubnext/gh-aw-test/actions/runs/32673316258,58a9c866056685311556ff96b1910a7663ebf62f,inference,v0.82.7,released,f78aa11992eb3e40e7e8c4207d98389edc377ea3,2026-07-09T03:26:19Z,319.0,158.0,115.0,13.310347,1.149684,8.077873,54.0,88.0,19.581,107.581
28993984662,206,2026-07-09T04:25:31Z,https://github.com/githubnext/gh-aw-test/actions/runs/28993984662,9efbc1bfa75da1cb7ff9307dac1a5ff2b828f26e,samples,12c510eef9,main,12c510eef95e1bf12a64ba17ab8ea039e350bfd7,2026-07-09T04:19:35Z,174.0,45.0,,,,,,98.0,0.0,98.0
32532168844,309,2026-08-21T22:15:02Z,https://github.com/githubnext/gh-aw-test/actions/runs/32532168844,526199aaad840efb62aad4855acd8cf4dfce57de,inference,v0.82.7-20-gf2bff5d554,main,f2bff5d554593da959dfba86c5bce06ff7703dce,2026-07-09T18:07:27Z,431.0,168.0,113.0,9.925668,2.574776,7.843656,90.0,131.0,17.93,148.93
29069069292,209,2026-07-10T04:26:48Z,https://github.com/githubnext/gh-aw-test/actions/runs/29069069292,16a1c3c1e368fa30f65353253a4e7a512e011f15,samples,2de7b7329d,main,2de7b7329de2cc789f6b8ad44ca09ecd3958e7c3,2026-07-10T04:04:45Z,208.0,33.0,,,,,,116.0,0.0,116.0
29139126382,212,2026-07-11T04:08:26Z,https://github.com/githubnext/gh-aw-test/actions/runs/29139126382,8a6f66379a838a8b83e271c877f9cb71e085e213,samples,ed454002d3,main,ed454002d35dffe2a6f8e46f6bc1f89639ef9099,2026-07-10T20:48:42Z,175.0,37.0,,,,,,99.0,0.0,99.0
32532950392,310,2026-08-21T22:26:16Z,https://github.com/githubnext/gh-aw-test/actions/runs/32532950392,f2f99bca967ab91bfc51bcb83549356d0b241e43,inference,v0.82.7-66-ged454002d3,main,ed454002d35dffe2a6f8e46f6bc1f89639ef9099,2026-07-10T20:48:42Z,393.0,168.0,112.0,10.627988,0.536375,8.237141,70.0,94.0,16.553,110.553
29180474916,217,2026-07-12T04:58:24Z,https://github.com/githubnext/gh-aw-test/actions/runs/29180474916,c1a4d368acb8643033afd60fdc1fbc821bc5cb39,samples,v0.82.8,released,0e0d3736527cc5029115b7a49a63388da83cc1b2,2026-07-11T08:39:05Z,88.0,33.0,,,,,,51.0,0.0,51.0
29225476797,220,2026-07-13T05:06:18Z,https://github.com/githubnext/gh-aw-test/actions/runs/29225476797,1b0e871593292824931cd2324675856bfc73e74d,samples,v0.82.8,released,0e0d3736527cc5029115b7a49a63388da83cc1b2,2026-07-11T08:39:05Z,95.0,37.0,,,,,,54.0,0.0,54.0
32673829582,412,2026-08-23T23:30:48Z,https://github.com/githubnext/gh-aw-test/actions/runs/32673829582,71bd42332bdd48c9b59997b2b1575989814776da,inference,v0.82.8,released,0e0d3736527cc5029115b7a49a63388da83cc1b2,2026-07-11T08:39:05Z,272.0,157.0,116.0,11.845104,4.13759,7.550316,48.0,59.0,20.889,79.889
32533705816,311,2026-08-21T22:37:13Z,https://github.com/githubnext/gh-aw-test/actions/runs/32533705816,ccfc8e8565a0dcf108386853596bf31959a6189f,inference,v0.82.8-20-gb3b6881333,main,b3b6881333d82b7c02de90f2f21799cd1929223b,2026-07-11T17:42:12Z,374.0,159.0,110.0,8.782219,1.238079,7.599154,63.0,114.0,15.175,129.175
29179483580,215,2026-07-12T04:17:17Z,https://github.com/githubnext/gh-aw-test/actions/runs/29179483580,f3d05faf854b11b15f678c6b28766eff07a69e93,samples,bc7d2db69a,main,bc7d2db69a21a806b6085055e80274379213dcc8,2026-07-12T03:16:34Z,164.0,48.0,,,,,,86.0,0.0,86.0
32534604788,312,2026-08-21T22:50:27Z,https://github.com/githubnext/gh-aw-test/actions/runs/32534604788,4a3e13b378361eda25a3abd47967dcea0a4ba7a7,inference,v0.82.8-28-ge0a0e5d23d,main,e0a0e5d23d0e2b9f065b71469a1a75578d8a7047,2026-07-12T20:01:03Z,466.0,200.0,119.0,11.764778,2.966863,10.380732,67.0,142.0,22.011,164.011
29223659614,218,2026-07-13T04:19:34Z,https://github.com/githubnext/gh-aw-test/actions/runs/29223659614,a2666af391e0ae3d2d371dd8431b10deb816b208,samples,fe2174281f,main,fe2174281f75c0e832ff1a14a3da877259a173fe,2026-07-13T01:34:38Z,184.0,41.0,,,,,,107.0,0.0,107.0
29306680425,223,2026-07-14T04:43:35Z,https://github.com/githubnext/gh-aw-test/actions/runs/29306680425,42ea75c2eec8dd65163714783dc648162d32e2bf,samples,v0.82.9,released,e9b732bc366ade8de24f162b525ffbb354a53129,2026-07-13T16:25:59Z,106.0,40.0,,,,,,59.0,0.0,59.0
29389926596,226,2026-07-15T04:50:15Z,https://github.com/githubnext/gh-aw-test/actions/runs/29389926596,4e90106502d0001f6c4cd61fed6a51f2b594f88b,samples,v0.82.9,released,e9b732bc366ade8de24f162b525ffbb354a53129,2026-07-13T16:25:59Z,111.0,44.0,,,,,,65.0,0.0,65.0
29472408123,229,2026-07-16T04:52:18Z,https://github.com/githubnext/gh-aw-test/actions/runs/29472408123,e5a8bd7f4c34cab75ca7ad2e51633a8ecc5895b4,samples,v0.82.9,released,e9b732bc366ade8de24f162b525ffbb354a53129,2026-07-13T16:25:59Z,96.0,34.0,,,,,,55.0,0.0,55.0
32674146025,413,2026-08-23T23:37:16Z,https://github.com/githubnext/gh-aw-test/actions/runs/32674146025,be072c7dfaa5e0c977731a87aaf88fec27d709b4,inference,v0.82.9,released,e9b732bc366ade8de24f162b525ffbb354a53129,2026-07-13T16:25:59Z,274.0,156.0,114.0,12.248459,1.14546,7.902,55.0,63.0,18.474,81.474
32535684406,313,2026-08-21T23:07:07Z,https://github.com/githubnext/gh-aw-test/actions/runs/32535684406,a1015bbf0d44ee4e0883af9807661ddb8b7f52cf,inference,v0.82.9-5-g072256746c,main,072256746c0a33d54890f6f431b5c90314c23c4e,2026-07-13T21:19:54Z,419.0,193.0,121.0,13.367621,3.606963,10.513815,67.0,123.0,23.877,146.877
29305123394,221,2026-07-14T04:06:05Z,https://github.com/githubnext/gh-aw-test/actions/runs/29305123394,e4af6f9cd4d7ecda98d737b91ffc36ea74d73d64,samples,0e64b08c05,main,0e64b08c05b3c24f5615d13fb818a26066cb2862,2026-07-14T03:04:21Z,158.0,46.0,,,,,,90.0,0.0,90.0
32536396153,314,2026-08-21T23:18:40Z,https://github.com/githubnext/gh-aw-test/actions/runs/32536396153,78472d34e7e502d74464dfb81a4a8116ba4e3f66,inference,v0.82.9-54-gdf13f08917,main,df13f08917192b95bda8aa6c9ab53ffd6684f788,2026-07-14T23:01:46Z,455.0,184.0,113.0,11.010115,0.695729,8.923925,85.0,180.0,17.381,197.381
29388180753,224,2026-07-15T04:07:02Z,https://github.com/githubnext/gh-aw-test/actions/runs/29388180753,108ab26722b1517b0aa6e9d658d8eb1f2b240891,samples,61336cb2af,main,61336cb2af49e1e85ba6f371a1b90b40a2a9eeab,2026-07-15T04:03:08Z,190.0,50.0,,,,,,121.0,0.0,121.0
29470590715,227,2026-07-16T04:07:31Z,https://github.com/githubnext/gh-aw-test/actions/runs/29470590715,5abdfa674fca5d8cd6f63801923427f55e2de78d,samples,f0a3dd21c6,main,f0a3dd21c6e5fc1eff595e0a62becf6b4c5d553f,2026-07-15T22:08:18Z,188.0,52.0,,,,,,115.0,0.0,115.0
32537059340,315,2026-08-21T23:29:48Z,https://github.com/githubnext/gh-aw-test/actions/runs/32537059340,477dd6bdd1be6fbc7f2c6cc065e31fdc5a44b6c7,inference,v0.82.9-134-gf0a3dd21c6,main,f0a3dd21c6e5fc1eff595e0a62becf6b4c5d553f,2026-07-15T22:08:18Z,451.0,192.0,119.0,12.449491,4.547432,9.069537,68.0,118.0,22.741,140.741
32674471224,414,2026-08-23T23:43:47Z,https://github.com/githubnext/gh-aw-test/actions/runs/32674471224,b352c6b021e786147e71dacc5a7cc6e03ff6d097,inference,v0.82.10,released,de126a1f352e2b07084689e06a91ada08cab2857,2026-07-16T06:14:39Z,353.0,148.0,113.0,11.775347,1.253598,7.612821,140.0,48.0,18.201,66.201
29555946105,232,2026-07-17T04:53:40Z,https://github.com/githubnext/gh-aw-test/actions/runs/29555946105,e04415ed4352710210a8e02b49507f3699e5fcbe,samples,v0.82.11,released,38e22c4075e399a5b9b2dbda1d94e2d66e91e9ca,2026-07-16T19:17:47Z,131.0,70.0,,,,,,86.0,0.0,86.0
32674838482,415,2026-08-23T23:51:15Z,https://github.com/githubnext/gh-aw-test/actions/runs/32674838482,3d63dcba7a67414854ad8ebd1e94acc19cfb3e9e,inference,v0.82.11,released,38e22c4075e399a5b9b2dbda1d94e2d66e91e9ca,2026-07-16T19:17:47Z,365.0,157.0,112.0,9.92133,1.079522,7.978193,139.0,65.0,16.113,81.113
32537848702,316,2026-08-21T23:42:48Z,https://github.com/githubnext/gh-aw-test/actions/runs/32537848702,ce43352e99414256d6deab3990afe78d44a0aaf8,inference,v0.82.11-7-gc19fd53189,main,c19fd53189742da810b717d538f0d88cb13c2d3f,2026-07-16T22:21:50Z,443.0,172.0,114.0,9.720076,1.117919,10.109634,147.0,96.0,16.907,112.907
29554046078,230,2026-07-17T04:06:57Z,https://github.com/githubnext/gh-aw-test/actions/runs/29554046078,5b0b2f9b837ab3ec691573c447625f47b5c8326d,samples,479a220c19,main,479a220c199cae03226e8839c5fccdf764bab58e,2026-07-17T02:55:08Z,178.0,54.0,,,,,,92.0,0.0,92.0
29631209683,235,2026-07-18T04:50:06Z,https://github.com/githubnext/gh-aw-test/actions/runs/29631209683,28029d098e735a076d2d31117432025819c40e8a,samples,v0.82.12,released,b944311ed8eb2bfdcd32693703aeb98dfebb1fa3,2026-07-17T06:52:59Z,106.0,48.0,,,,,,61.0,0.0,61.0
29801534996,243,2026-07-21T04:32:40Z,https://github.com/githubnext/gh-aw-test/actions/runs/29801534996,47aa91e486b27b7bcb668a0e143263bdd273d967,samples,v0.82.12,released,b944311ed8eb2bfdcd32693703aeb98dfebb1fa3,2026-07-17T06:52:59Z,101.0,43.0,,,,,,53.0,0.0,53.0
32675221799,416,2026-08-23T23:59:08Z,https://github.com/githubnext/gh-aw-test/actions/runs/32675221799,9f6f2fe4ac9d50a4a44154232b99e1fff3891018,inference,v0.82.12,released,b944311ed8eb2bfdcd32693703aeb98dfebb1fa3,2026-07-17T06:52:59Z,371.0,152.0,113.0,12.276928,1.423868,7.000044,141.0,72.0,18.47,90.47
29629995300,233,2026-07-18T04:06:26Z,https://github.com/githubnext/gh-aw-test/actions/runs/29629995300,977ed5f99de793ff78945a68099254eecaa30df2,samples,c096ffebd2,main,c096ffebd27fa7dbfb278a87d87fbb00c5187239,2026-07-17T14:58:08Z,150.0,42.0,,,,,,86.0,0.0,86.0
32538498682,317,2026-08-21T23:53:45Z,https://github.com/githubnext/gh-aw-test/actions/runs/32538498682,16526f4f5de66a3bec72f66798fb67113522c381,inference,v0.82.12-7-gc096ffebd2,main,c096ffebd27fa7dbfb278a87d87fbb00c5187239,2026-07-17T14:58:08Z,496.0,164.0,113.0,9.485206,1.86346,8.592842,169.0,88.0,16.99,104.99
29674005958,238,2026-07-19T04:53:45Z,https://github.com/githubnext/gh-aw-test/actions/runs/29674005958,4c7d054f607942e680b6efe2f362d11b01cd4916,samples,v0.82.13,released,017cdbc1b474bb0804e2c152b46012930fecb7b3,2026-07-18T09:00:18Z,97.0,36.0,,,,,,53.0,0.0,53.0
29718236306,241,2026-07-20T05:03:06Z,https://github.com/githubnext/gh-aw-test/actions/runs/29718236306,cab108315f3eb1f4803771d7d6de67ff634eb9aa,samples,v0.82.13,released,017cdbc1b474bb0804e2c152b46012930fecb7b3,2026-07-18T09:00:18Z,143.0,42.0,,,,,,86.0,0.0,86.0
32539196703,318,2026-08-22T00:05:50Z,https://github.com/githubnext/gh-aw-test/actions/runs/32539196703,226c0c0d5c3905a0296c0c4f66d65cb96026e4c1,inference,v0.82.13-35-gdc63b6bdaf,main,dc63b6bdafd1e29ba7a35b20ce2a3aab40663659,2026-07-18T23:07:28Z,490.0,168.0,118.0,12.093036,4.10553,8.621465,161.0,123.0,21.418,144.418
29673057727,236,2026-07-19T04:16:00Z,https://github.com/githubnext/gh-aw-test/actions/runs/29673057727,0edc0fb83089a0b664ad3b951d506151e31a2c34,samples,84dfb780c2,main,84dfb780c2d1db8e95815675d3ea12493c3562fc,2026-07-19T03:43:40Z,152.0,57.0,,,,,,92.0,1.0,93.0
32539873092,319,2026-08-22T00:17:59Z,https://github.com/githubnext/gh-aw-test/actions/runs/32539873092,65a501aedfd189065dc7608d3d34d67584e1e94c,inference,v0.82.13-83-g5c93e1de4d,main,5c93e1de4d27c06bdfcbf490b7cc55f356a61978,2026-07-19T22:09:00Z,316.0,81.0,25.0,9.960641,0.694049,12.834466,74.0,121.0,20.255,141.255
29716703808,239,2026-07-20T04:21:54Z,https://github.com/githubnext/gh-aw-test/actions/runs/29716703808,d1cf83c0b393d10a65fa783921a561299081c626,samples,7bdc455764,main,7bdc455764ae979049bef6b656ec090d419f2b63,2026-07-20T04:14:42Z,237.0,55.0,,,,,,157.0,0.0,157.0
29802360877,244,2026-07-21T04:51:19Z,https://github.com/githubnext/gh-aw-test/actions/runs/29802360877,24f8e6597bf675a40b8b59cf5d69db343c032712,samples,v0.82.14,released,8b820ae1073f301991aaf2f307f7e271f618bb9f,2026-07-20T17:25:31Z,113.0,42.0,,,,,,62.0,1.0,63.0
29891430598,246,2026-07-22T04:34:39Z,https://github.com/githubnext/gh-aw-test/actions/runs/29891430598,994e8546b75e34760d2758dad828737905ddcce5,samples,v0.82.14,released,8b820ae1073f301991aaf2f307f7e271f618bb9f,2026-07-20T17:25:31Z,125.0,32.0,,,,,,82.0,0.0,82.0
29979790872,249,2026-07-23T04:32:15Z,https://github.com/githubnext/gh-aw-test/actions/runs/29979790872,aad903c75ed2ebcb3c3b6887f25f74c5763e4a3b,samples,v0.82.14,released,8b820ae1073f301991aaf2f307f7e271f618bb9f,2026-07-20T17:25:31Z,107.0,42.0,,,,,,61.0,0.0,61.0
32675633338,417,2026-08-24T00:07:04Z,https://github.com/githubnext/gh-aw-test/actions/runs/32675633338,f5910256ebd7c0219b83d21448ddf92b13c741d3,inference,v0.82.14,released,8b820ae1073f301991aaf2f307f7e271f618bb9f,2026-07-20T17:25:31Z,182.0,72.0,24.0,12.012781,1.397827,8.467096,47.0,59.0,18.831,77.831
32540431899,320,2026-08-22T00:27:59Z,https://github.com/githubnext/gh-aw-test/actions/runs/32540431899,c09e8e39784390f9e0a95e5b7ea45ae6934e6041,inference,v0.82.14-3-ge3306490fd,main,e3306490fd32fadaacb15b5d3f4f3335647ff120,2026-07-20T18:29:06Z,277.0,83.0,26.0,10.435999,3.554942,9.970082,56.0,105.0,19.731,124.731
29800445477,242,2026-07-21T04:09:03Z,https://github.com/githubnext/gh-aw-test/actions/runs/29800445477,2e16a61d1569e1bd372aa92b25f96795a6e64e8f,samples,175cd811ca,main,175cd811ca1e60fadb8052f940c85d7171ca4921,2026-07-21T03:46:17Z,169.0,53.0,,,,,,97.0,0.0,97.0
29892146050,247,2026-07-22T04:51:10Z,https://github.com/githubnext/gh-aw-test/actions/runs/29892146050,adcffffd1ebd2719236453fb48f82bab49c81beb,samples,v0.82.15,released,8070dbd66af90bb83046bbdd92deab611d1d1d11,2026-07-21T07:38:32Z,96.0,34.0,,,,,,61.0,0.0,61.0
32676857900,418,2026-08-24T00:29:49Z,https://github.com/githubnext/gh-aw-test/actions/runs/32676857900,ab62359aba561e9fdfba423232b1d6efb676d679,inference,v0.82.15,released,8070dbd66af90bb83046bbdd92deab611d1d1d11,2026-07-21T07:38:32Z,179.0,59.0,25.0,11.181623,3.323933,8.45955,51.0,55.0,20.44,75.44
29890368377,245,2026-07-22T04:10:35Z,https://github.com/githubnext/gh-aw-test/actions/runs/29890368377,ca8bfdf4d27cf2de07c859c5782ffd799d655fa1,samples,2a7ac3d34e,main,2a7ac3d34e2d1795112b2e8d6703b17cc42dfe73,2026-07-21T14:10:44Z,147.0,39.0,,,,,,77.0,1.0,78.0
32540903699,321,2026-08-22T00:36:51Z,https://github.com/githubnext/gh-aw-test/actions/runs/32540903699,dda60081bde67830b96c4b1cb60bf82bfc4a9a58,inference,v0.82.15-23-g2a7ac3d34e,main,2a7ac3d34e2d1795112b2e8d6703b17cc42dfe73,2026-07-21T14:10:44Z,346.0,86.0,25.0,11.26617,3.459237,8.784551,101.0,106.0,20.57,126.57
29980494373,250,2026-07-23T04:48:47Z,https://github.com/githubnext/gh-aw-test/actions/runs/29980494373,4317ef7a46086803503d47f54a48a7f2f7a77838,samples,v0.83.0,released,5cce94a83e6e010cf2570b5150201de71210a333,2026-07-22T15:20:21Z,101.0,39.0,,,,,,57.0,1.0,58.0
30067103756,253,2026-07-24T04:33:32Z,https://github.com/githubnext/gh-aw-test/actions/runs/30067103756,246adf2b16ce992e158fe96c928d89565ae1a9b6,samples,v0.83.0,released,5cce94a83e6e010cf2570b5150201de71210a333,2026-07-22T15:20:21Z,98.0,31.0,,,,,,46.0,0.0,46.0
32677112048,419,2026-08-24T00:34:47Z,https://github.com/githubnext/gh-aw-test/actions/runs/32677112048,70633da57c66aa95927e1e93c7c3f919962ada16,inference,v0.83.0,released,5cce94a83e6e010cf2570b5150201de71210a333,2026-07-22T15:20:21Z,214.0,74.0,27.0,12.118401,1.890537,11.504117,38.0,89.0,22.498,111.498
29978810349,248,2026-07-23T04:09:09Z,https://github.com/githubnext/gh-aw-test/actions/runs/29978810349,a4fd77bd0c91aba436c9cb15ea32a5da707360df,samples,0629ee44cf,main,0629ee44cffe1469e74bbe9e1baac3a76f3ae8fe,2026-07-22T23:24:40Z,168.0,40.0,,,,,,104.0,0.0,104.0
32541425257,322,2026-08-22T00:46:46Z,https://github.com/githubnext/gh-aw-test/actions/runs/32541425257,09506bfeceffce265f8944276f2fabe3995ed569,inference,v0.83.0-24-g0629ee44cf,main,0629ee44cffe1469e74bbe9e1baac3a76f3ae8fe,2026-07-22T23:24:40Z,309.0,78.0,25.0,8.879642,0.707337,13.511553,72.0,121.0,20.067,141.067
30006117618,251,2026-07-23T12:13:13Z,https://github.com/githubnext/gh-aw-test/actions/runs/30006117618,94a6a7614c8155096a56efdef17fa95b85b27ba9,samples,v0.83.1,released,6268b9870d9f3bd9ce7526cb9d9cac988ffcfa35,2026-07-23T11:37:12Z,152.0,38.0,,,,,,73.0,0.0,73.0
30067807734,254,2026-07-24T04:50:02Z,https://github.com/githubnext/gh-aw-test/actions/runs/30067807734,5ffa88dfafc13fa9b731fb032a5b44c058da9819,samples,v0.83.1,released,6268b9870d9f3bd9ce7526cb9d9cac988ffcfa35,2026-07-23T11:37:12Z,100.0,41.0,,,,,,58.0,1.0,59.0
30144189139,256,2026-07-25T04:31:55Z,https://github.com/githubnext/gh-aw-test/actions/runs/30144189139,05fd8d72580edda10f30807bf0f1dab334440ae2,samples,v0.83.1,released,6268b9870d9f3bd9ce7526cb9d9cac988ffcfa35,2026-07-23T11:37:12Z,93.0,40.0,,,,,,53.0,0.0,53.0
30188178816,259,2026-07-26T04:41:19Z,https://github.com/githubnext/gh-aw-test/actions/runs/30188178816,07626e30ebc18475280d695b5255677e5c595668,samples,v0.83.1,released,6268b9870d9f3bd9ce7526cb9d9cac988ffcfa35,2026-07-23T11:37:12Z,94.0,40.0,,,,,,59.0,0.0,59.0
30238024526,262,2026-07-27T04:47:11Z,https://github.com/githubnext/gh-aw-test/actions/runs/30238024526,2a3e5e19c4f960e8d5ceb3bb0b5cdf659cb1ce1b,samples,v0.83.1,released,6268b9870d9f3bd9ce7526cb9d9cac988ffcfa35,2026-07-23T11:37:12Z,100.0,37.0,,,,,,55.0,0.0,55.0
32677398942,420,2026-08-24T00:40:20Z,https://github.com/githubnext/gh-aw-test/actions/runs/32677398942,927cc37bb29c729c8013ab9086e7619f461dc301,inference,v0.83.1,released,6268b9870d9f3bd9ce7526cb9d9cac988ffcfa35,2026-07-23T11:37:12Z,192.0,58.0,23.0,11.788472,1.362171,7.874961,43.0,90.0,18.501,108.501
32541930743,323,2026-08-22T00:56:38Z,https://github.com/githubnext/gh-aw-test/actions/runs/32541930743,6b6c61940e9ba78e080ebaf2cbe6ca4fec03441e,inference,v0.83.1-16-gc834b3749d,main,c834b3749df802e481fffde5a2a6fcad5fb4b8d0,2026-07-23T16:04:40Z,293.0,78.0,26.0,11.996226,4.167894,8.261931,75.0,97.0,21.597,118.597
30066002900,252,2026-07-24T04:08:19Z,https://github.com/githubnext/gh-aw-test/actions/runs/30066002900,b40a9875c9cf574a613bd986655479355b5614f0,samples,755ee4dea3,main,755ee4dea3417cfb29f61ef43a6a1266c05dede9,2026-07-24T04:03:11Z,183.0,42.0,,,,,,79.0,0.0,79.0
30144752865,257,2026-07-25T04:51:52Z,https://github.com/githubnext/gh-aw-test/actions/runs/30144752865,a600a0283a505493cb0951b89e85a15f3aa81d9c,samples,v0.83.2,released,56a38be41a181e164a794ee308378d8c1081026a,2026-07-24T05:51:15Z,141.0,64.0,,,,,,91.0,0.0,91.0
32677647094,421,2026-08-24T00:45:19Z,https://github.com/githubnext/gh-aw-test/actions/runs/32677647094,7338d8fac39249e9a2a2b2e0705aa6e5f38388ff,inference,v0.83.2,released,56a38be41a181e164a794ee308378d8c1081026a,2026-07-24T05:51:15Z,228.0,79.0,28.0,15.043622,3.785665,7.664334,52.0,106.0,23.732,129.732
32542398417,324,2026-08-22T01:05:33Z,https://github.com/githubnext/gh-aw-test/actions/runs/32542398417,d79a8c80f6259aabdd344acb81f9fcc8f2582f8e,inference,v0.83.2-15-g44b56e18b3,main,44b56e18b3fe95160e13e3678858853c65c8dff9,2026-07-24T21:24:37Z,328.0,92.0,29.0,14.860483,3.956747,8.426664,83.0,104.0,24.205,128.205
30143463924,255,2026-07-25T04:07:14Z,https://github.com/githubnext/gh-aw-test/actions/runs/30143463924,23e979ee21ca6e13b195c0184b05df86b0c30e78,samples,c175442ba5,main,c175442ba52e219ec80312a952ffe2be1fee704b,2026-07-25T03:47:58Z,154.0,40.0,,,,,,81.0,0.0,81.0
30188630263,260,2026-07-26T04:58:56Z,https://github.com/githubnext/gh-aw-test/actions/runs/30188630263,59399f685a3bea65efe4c40d22aabceb54701b86,samples,v0.83.3,released,7e728ffd6fc9b1a4e8e03e8815701f4203e789ad,2026-07-25T11:23:57Z,85.0,34.0,,,,,,48.0,0.0,48.0
30238750701,263,2026-07-27T05:04:42Z,https://github.com/githubnext/gh-aw-test/actions/runs/30238750701,e2c8517bac302860d0fef7b0ffc03d3d470ba495,samples,v0.83.3,released,7e728ffd6fc9b1a4e8e03e8815701f4203e789ad,2026-07-25T11:23:57Z,129.0,48.0,,,,,,84.0,0.0,84.0
30329600083,268,2026-07-28T04:44:50Z,https://github.com/githubnext/gh-aw-test/actions/runs/30329600083,1903fcc4887cb0e978e21d9dd46b5fa460a41a6f,samples,v0.83.3,released,7e728ffd6fc9b1a4e8e03e8815701f4203e789ad,2026-07-25T11:23:57Z,193.0,41.0,,,,,,106.0,1.0,107.0
30422887095,271,2026-07-29T04:39:59Z,https://github.com/githubnext/gh-aw-test/actions/runs/30422887095,f7737dc8c7484be988691c993588053af31ac47c,samples,v0.83.3,released,7e728ffd6fc9b1a4e8e03e8815701f4203e789ad,2026-07-25T11:23:57Z,143.0,56.0,,,,,,81.0,0.0,81.0
32677925517,422,2026-08-24T00:50:48Z,https://github.com/githubnext/gh-aw-test/actions/runs/32677925517,e2cd2dc00a531d528b897b6515580eda5bef3485,inference,v0.83.3,released,7e728ffd6fc9b1a4e8e03e8815701f4203e789ad,2026-07-25T11:23:57Z,190.0,70.0,24.0,13.061112,1.280981,8.543023,44.0,68.0,19.611,87.611
32542948173,325,2026-08-22T01:16:30Z,https://github.com/githubnext/gh-aw-test/actions/runs/32542948173,f781f131a5bcd1f1e8894d149d1a40e7339230ab,inference,v0.83.3-17-g11d9ea9de7,main,11d9ea9de7295df89744ca14894e26ade76c58e3,2026-07-25T22:38:43Z,356.0,85.0,25.0,12.373927,1.742098,8.931275,57.0,149.0,19.591,168.591
30187541171,258,2026-07-26T04:17:15Z,https://github.com/githubnext/gh-aw-test/actions/runs/30187541171,b7975c92cac80ebc8b648b452554ee4dd40696c1,samples,00aedb3317,main,00aedb3317a6194e4c458de6fae8509d6d84b208,2026-07-26T03:33:33Z,150.0,55.0,,,,,,87.0,0.0,87.0
30236899626,261,2026-07-27T04:22:10Z,https://github.com/githubnext/gh-aw-test/actions/runs/30236899626,0bfac34829d8c227e5e34d83dc616332f9378acf,samples,d4872c27ea,main,d4872c27ea33f4d3b7684430020195e804ade106,2026-07-26T20:50:33Z,158.0,40.0,,,,,,86.0,0.0,86.0
32543786923,326,2026-08-22T01:33:36Z,https://github.com/githubnext/gh-aw-test/actions/runs/32543786923,739eaf7332207edfe588dce6f9118e29fcc52ba8,inference,v0.83.3-38-gd4872c27ea,main,d4872c27ea33f4d3b7684430020195e804ade106,2026-07-26T20:50:33Z,315.0,85.0,23.0,12.286413,1.117037,8.263883,56.0,135.0,18.801,153.801
30253250421,264,2026-07-27T09:16:43Z,https://github.com/githubnext/gh-aw-test/actions/runs/30253250421,896801e607d04bdba1e28b5a490fddfe4567c4fd,samples,v0.83.4,released,bbb8042878459948333b15b66f27113f4b5c1b9a,2026-07-27T08:49:15Z,169.0,39.0,,,,,,78.0,0.0,78.0
30330754586,269,2026-07-28T05:08:29Z,https://github.com/githubnext/gh-aw-test/actions/runs/30330754586,e352591c30e880b1933d69380347011e9f78de55,samples,v0.83.4,released,bbb8042878459948333b15b66f27113f4b5c1b9a,2026-07-27T08:49:15Z,160.0,67.0,,,,,,101.0,0.0,101.0
30423972530,272,2026-07-29T05:03:39Z,https://github.com/githubnext/gh-aw-test/actions/runs/30423972530,0bf6dee591e5db4534bb3660e97e1baf8be2b844,samples,v0.83.4,released,bbb8042878459948333b15b66f27113f4b5c1b9a,2026-07-27T08:49:15Z,145.0,36.0,,,,,,59.0,1.0,60.0
30514638950,274,2026-07-30T04:43:28Z,https://github.com/githubnext/gh-aw-test/actions/runs/30514638950,ab93278633779882c4c15473505d68f2c17ebdc6,samples,v0.83.4,released,bbb8042878459948333b15b66f27113f4b5c1b9a,2026-07-27T08:49:15Z,158.0,44.0,,,,,,82.0,0.0,82.0
30605097524,277,2026-07-31T04:48:13Z,https://github.com/githubnext/gh-aw-test/actions/runs/30605097524,9bc8a0b80871d8e649556616aa415028adf6c886,samples,v0.83.4,released,bbb8042878459948333b15b66f27113f4b5c1b9a,2026-07-27T08:49:15Z,179.0,34.0,,,,,,93.0,0.0,93.0
30684479529,280,2026-08-01T04:43:14Z,https://github.com/githubnext/gh-aw-test/actions/runs/30684479529,eb27f3d5b5f5d3d24089cb56243c361d84cf2886,samples,v0.83.4,released,bbb8042878459948333b15b66f27113f4b5c1b9a,2026-07-27T08:49:15Z,123.0,37.0,,,,,,64.0,0.0,64.0
30732960151,283,2026-08-02T04:46:42Z,https://github.com/githubnext/gh-aw-test/actions/runs/30732960151,169fb3fbefc9834dbfa8afea22d6fa5d7e546c57,samples,v0.83.4,released,bbb8042878459948333b15b66f27113f4b5c1b9a,2026-07-27T08:49:15Z,134.0,34.0,,,,,,63.0,0.0,63.0
30785491145,286,2026-08-03T04:50:11Z,https://github.com/githubnext/gh-aw-test/actions/runs/30785491145,237a15e19a5561c3430787a7aae13567e7e9e43e,samples,v0.83.4,released,bbb8042878459948333b15b66f27113f4b5c1b9a,2026-07-27T08:49:15Z,134.0,45.0,,,,,,76.0,0.0,76.0
32678171011,423,2026-08-24T00:55:48Z,https://github.com/githubnext/gh-aw-test/actions/runs/32678171011,bf7b39dd68200a40e61c5d87b4092fcc8f4505be,inference,v0.83.4,released,bbb8042878459948333b15b66f27113f4b5c1b9a,2026-07-27T08:49:15Z,175.0,67.0,23.0,11.797214,1.087826,8.055162,51.0,56.0,18.054,74.054
30266464886,265,2026-07-27T12:34:30Z,https://github.com/githubnext/gh-aw-test/actions/runs/30266464886,975849f6fc32641adfbe28fe33fda46683ebe8c8,samples,24ba57445b,main,24ba57445b755388740f8196247bc10c787d1278,2026-07-27T12:26:37Z,183.0,42.0,,,,,,103.0,0.0,103.0
30271118206,266,2026-07-27T13:37:03Z,https://github.com/githubnext/gh-aw-test/actions/runs/30271118206,66e5a8a0dc7cba171a4bb61f1bf0047bcbf124c8,samples,55b5181bb8,main,55b5181bb855f566b2401823884270d16669c064,2026-07-27T13:20:40Z,199.0,50.0,,,,,,110.0,0.0,110.0
32544255622,327,2026-08-22T01:43:36Z,https://github.com/githubnext/gh-aw-test/actions/runs/32544255622,081f4d9bb03e561b2168e276d7a2b9629b565247,inference,v0.83.4-6-gf427a5ea1f,main,f427a5ea1f3c00d83d3582fa204a2c6c1efa6704,2026-07-27T20:55:57Z,316.0,89.0,28.0,12.189049,4.279765,10.315307,73.0,120.0,24.109,144.109
30327852211,267,2026-07-28T04:07:36Z,https://github.com/githubnext/gh-aw-test/actions/runs/30327852211,1e6299ef9e3c77941cbaea6f66d430ad15628d4c,samples,db0022daac,main,db0022daac93cbdc7ad3e6518d21e635a7b84642,2026-07-28T03:34:57Z,222.0,39.0,,,,,,107.0,0.0,107.0
30421452781,270,2026-07-29T04:08:21Z,https://github.com/githubnext/gh-aw-test/actions/runs/30421452781,1b5b2b03a46085fdac93563c55f9883c8891bea5,samples,acc797bbab,main,acc797bbab36245a25a108b1597789d08b0d3d90,2026-07-28T22:04:30Z,251.0,43.0,,,,,,98.0,0.0,98.0
32544750420,328,2026-08-22T01:54:06Z,https://github.com/githubnext/gh-aw-test/actions/runs/32544750420,b5e24662773391c238c4c3e1351f343cd8f82669,inference,v0.83.4-86-gacc797bbab,main,acc797bbab36245a25a108b1597789d08b0d3d90,2026-07-28T22:04:30Z,284.0,87.0,24.0,14.955679,1.051044,6.783751,61.0,96.0,20.559,116.559
32678433586,424,2026-08-24T01:00:54Z,https://github.com/githubnext/gh-aw-test/actions/runs/32678433586,eca0804edc7172e8ec04c9fee3d565c1b968cbd0,inference,v0.83.5,released,54b0997d61c900c666fd3327842d3e1759321b5f,2026-07-29T09:51:11Z,201.0,72.0,25.0,15.007736,1.429601,7.299817,49.0,76.0,21.204,97.204
30515678624,275,2026-07-30T05:06:09Z,https://github.com/githubnext/gh-aw-test/actions/runs/30515678624,85b4c01d8d5f94609eedc77d9307892d85a183df,samples,v0.84.0,released,ec7e9b22470f36052c927b9a642f93a525bcef9a,2026-07-29T19:52:40Z,130.0,45.0,,,,,,64.0,0.0,64.0
30606156374,278,2026-07-31T05:12:20Z,https://github.com/githubnext/gh-aw-test/actions/runs/30606156374,b41f106f497333c2b449a34ea392f4d24246cc89,samples,v0.84.0,released,ec7e9b22470f36052c927b9a642f93a525bcef9a,2026-07-29T19:52:40Z,168.0,43.0,,,,,,97.0,0.0,97.0
32678698842,425,2026-08-24T01:05:58Z,https://github.com/githubnext/gh-aw-test/actions/runs/32678698842,86f3a9526b77204227c3af5378e0ac4b452ef97c,inference,v0.84.0,released,ec7e9b22470f36052c927b9a642f93a525bcef9a,2026-07-29T19:52:40Z,183.0,69.0,24.0,14.471078,1.233627,6.633816,43.0,65.0,20.03,85.03
30513003051,273,2026-07-30T04:07:23Z,https://github.com/githubnext/gh-aw-test/actions/runs/30513003051,b5fd3e2b6dc6e5f37168e18db9ad9b74b1c73603,samples,8d982baa62,main,8d982baa62cdac36cac6386f1c986f3edbbbef67,2026-07-29T22:27:08Z,217.0,35.0,,,,,,94.0,0.0,94.0
32545176489,329,2026-08-22T02:03:07Z,https://github.com/githubnext/gh-aw-test/actions/runs/32545176489,c40708953ca6dcc570fd9cf3862695fc9f9c1a52,inference,v0.84.0-11-g8d982baa62,main,8d982baa62cdac36cac6386f1c986f3edbbbef67,2026-07-29T22:27:08Z,309.0,75.0,20.0,11.043225,1.89759,5.596566,65.0,111.0,16.555,127.555
30603640315,276,2026-07-31T04:14:27Z,https://github.com/githubnext/gh-aw-test/actions/runs/30603640315,9e6fb0bf0e499aef13082564a2ed710a52a4bc30,samples,5adcdb6d4e,main,5adcdb6d4ec153409feab88c1688a9929fa07008,2026-07-30T20:03:14Z,236.0,39.0,,,,,,104.0,0.0,104.0
32545622744,330,2026-08-22T02:12:46Z,https://github.com/githubnext/gh-aw-test/actions/runs/32545622744,9c078dd2e52656586502c9771fe4a8702c1b3d85,inference,v0.84.0-61-g5adcdb6d4e,main,5adcdb6d4ec153409feab88c1688a9929fa07008,2026-07-30T20:03:14Z,314.0,83.0,22.0,13.905209,1.041174,5.279311,43.0,120.0,18.45,138.45
30685048501,281,2026-08-01T05:01:48Z,https://github.com/githubnext/gh-aw-test/actions/runs/30685048501,9ba9bd6571b5a49fb13657e8ad0d3f9fed8bec03,samples,v0.84.1,released,ccf88b8a317e2409b40d87e0df29e6978de0f9c5,2026-07-31T13:33:53Z,161.0,46.0,,,,,,96.0,0.0,96.0
32546088308,331,2026-08-22T02:22:52Z,https://github.com/githubnext/gh-aw-test/actions/runs/32546088308,ea2dfd7b7f2981ed126b7cd998440f30a347c176,inference,v0.84.1-3-ga4a8ff8667,main,a4a8ff866757cbae7225c978a1ae9e1183e852b6,2026-07-31T21:52:29Z,320.0,93.0,26.0,14.264909,3.583267,6.509926,73.0,108.0,22.024,130.024
30683496745,279,2026-08-01T04:12:36Z,https://github.com/githubnext/gh-aw-test/actions/runs/30683496745,da63f1adafb6089587ec8f2280b6c5f29bd022b9,samples,a9137e1445,main,a9137e1445047b33d4e3186d534dd39efd509af4,2026-08-01T03:49:45Z,211.0,44.0,,,,,,101.0,0.0,101.0
30733493466,284,2026-08-02T05:05:20Z,https://github.com/githubnext/gh-aw-test/actions/runs/30733493466,5a078ee6ef789f0239ffd1e3cba0634769d55ee8,samples,v0.84.2,released,85d757b668121129235f2ebbe5cc753be9dcc8ba,2026-08-01T07:59:08Z,99.0,35.0,,,,,,60.0,0.0,60.0
30786546022,287,2026-08-03T05:13:25Z,https://github.com/githubnext/gh-aw-test/actions/runs/30786546022,7effaaa737bd753f06e01384ded566c52a1014ea,samples,v0.84.2,released,85d757b668121129235f2ebbe5cc753be9dcc8ba,2026-08-01T07:59:08Z,138.0,45.0,,,,,,73.0,0.0,73.0
30878481081,289,2026-08-04T04:42:55Z,https://github.com/githubnext/gh-aw-test/actions/runs/30878481081,5113435ed130de341ed95849ad6d686743dc5c55,samples,v0.84.2,released,85d757b668121129235f2ebbe5cc753be9dcc8ba,2026-08-01T07:59:08Z,117.0,34.0,,,,,,64.0,0.0,64.0
32546595050,332,2026-08-22T02:33:55Z,https://github.com/githubnext/gh-aw-test/actions/runs/32546595050,34d5fa8121c013ab0373579fa57807d8fa5b2146,inference,v0.84.2-26-g05bc7f1378,main,05bc7f1378e1dcb1707d52ea6a33c2b65398a188,2026-08-01T22:35:38Z,364.0,76.0,21.0,11.569547,1.94545,5.441098,68.0,124.0,17.025,141.025
30732092686,282,2026-08-02T04:16:36Z,https://github.com/githubnext/gh-aw-test/actions/runs/30732092686,22c45f01bfeabeb00fcf17549a3e5731a95a000e,samples,d647f2f839,main,d647f2f83985e23c7ad8eb0015e0e66d95d64ed0,2026-08-02T01:13:16Z,246.0,57.0,,,,,,121.0,0.0,121.0
32547123314,333,2026-08-22T02:45:29Z,https://github.com/githubnext/gh-aw-test/actions/runs/32547123314,fb9d55f1e5358384a0321c94a7f3cf02009e9d49,inference,v0.84.2-95-gf5bd99245e,main,f5bd99245e402c9d87b4cf5bec6b037e055aa86f,2026-08-02T23:55:49Z,355.0,92.0,23.0,12.854936,1.849893,6.703304,78.0,116.0,18.985,134.985
30784075630,285,2026-08-03T04:19:00Z,https://github.com/githubnext/gh-aw-test/actions/runs/30784075630,1aa77fc4906a341523204d87a4d062c289729776,samples,24f6c45b9f,main,24f6c45b9f15890ee46153b68e5787f425e3443c,2026-08-03T04:08:31Z,198.0,38.0,,,,,,99.0,0.0,99.0
30879745424,290,2026-08-04T05:08:05Z,https://github.com/githubnext/gh-aw-test/actions/runs/30879745424,8158227ca054547a03fa2d4909b108c9944b890e,samples,v0.84.3,released,53258938b59e0797fefeed05ec0c681514b2a827,2026-08-03T04:41:56Z,137.0,52.0,,,,,,68.0,0.0,68.0
30975529818,293,2026-08-05T04:34:26Z,https://github.com/githubnext/gh-aw-test/actions/runs/30975529818,b6d218dedc76ea0a1a8314c5e2e3323937a9142d,samples,v0.84.3,released,53258938b59e0797fefeed05ec0c681514b2a827,2026-08-03T04:41:56Z,98.0,34.0,,,,,,49.0,0.0,49.0
32547543586,334,2026-08-22T02:55:08Z,https://github.com/githubnext/gh-aw-test/actions/runs/32547543586,3cc181a82444f70480a31120a3b75dc42469fdcc,inference,v0.84.3-58-g53baccde53,main,53baccde5390bbd2f062b7528266e9dd8edfcda9,2026-08-03T23:40:47Z,517.0,92.0,21.0,11.565364,1.331296,6.482026,70.0,157.0,17.105,174.105
30876764168,288,2026-08-04T04:08:16Z,https://github.com/githubnext/gh-aw-test/actions/runs/30876764168,17813f5395d7c816a869d75d7d06652ba287c016,samples,021887f5dc,main,021887f5dce36f83f9d513f4a0ce9546c7560f9d,2026-08-04T04:04:54Z,227.0,44.0,,,,,,119.0,0.0,119.0
30976265243,294,2026-08-05T04:49:59Z,https://github.com/githubnext/gh-aw-test/actions/runs/30976265243,bf202fdb5e73732f3caf61c5ef39a6bb589da376,samples,v0.85.0,released,964e554e0302803dceecfdc0a58cb9c4bd7d732d,2026-08-04T23:23:05Z,100.0,47.0,,,,,,56.0,1.0,57.0
30963115281,291,2026-08-05T00:23:19Z,https://github.com/githubnext/gh-aw-test/actions/runs/30963115281,3f1dbf02481379d6eff829fcb4811d344af681bf,samples,9aa5938b0b,main,9aa5938b0bb56a1813f4c8f566dfe38bfc1458d3,2026-08-04T23:47:26Z,188.0,40.0,,,,,,95.0,0.0,95.0
32548148087,335,2026-08-22T03:08:14Z,https://github.com/githubnext/gh-aw-test/actions/runs/32548148087,5b57fa543d5523c394924c4b46848766f50f5489,inference,v0.85.0-1-g9aa5938b0b,main,9aa5938b0bb56a1813f4c8f566dfe38bfc1458d3,2026-08-04T23:47:26Z,304.0,73.0,20.0,11.666397,0.998805,5.259141,75.0,106.0,16.229,122.229
30974171857,292,2026-08-05T04:06:23Z,https://github.com/githubnext/gh-aw-test/actions/runs/30974171857,1c1e7ca49a39091bf03cbf5d0d2bf22052c734cd,samples,733e82e1a6,main,733e82e1a6f9340b234743d928e0a436fb9aee9e,2026-08-05T03:56:43Z,198.0,40.0,,,,,,98.0,0.0,98.0
32549791932,338,2026-08-22T03:44:16Z,https://github.com/githubnext/gh-aw-test/actions/runs/32549791932,b08953c4d7fe0e19c33f5ba995c2d60bc091d4ab,inference,v0.85.4-47-g782af6ae3b,main,782af6ae3b59acf0e0f59498cacbf2abc17b29c9,2026-08-06T23:48:57Z,331.0,82.0,23.0,12.962699,2.140426,6.567435,69.0,103.0,19.227,122.227
32679960433,430,2026-08-24T01:29:54Z,https://github.com/githubnext/gh-aw-test/actions/runs/32679960433,1f17ab20748740ca0473dd3ea2787d574d0279b8,inference,v0.86.1,released,475927dfc6d1b262f4dd17baf4e49639af86d6ca,2026-08-07T21:20:19Z,225.0,62.0,23.0,13.255469,2.406965,6.018015,65.0,56.0,19.783,75.783
32552050221,340,2026-08-22T04:34:21Z,https://github.com/githubnext/gh-aw-test/actions/runs/32552050221,7219df89492afb16863b034992ce895ff724daf0,inference,v0.86.1-3-ge1e298d64b,main,e1e298d64bfa9f0d6d2cfd8da3b70c0a2528e1a6,2026-08-07T22:40:46Z,293.0,123.0,38.0,18.441707,4.596288,12.217037,53.0,120.0,31.851,151.851
32552452139,341,2026-08-22T04:43:33Z,https://github.com/githubnext/gh-aw-test/actions/runs/32552452139,9a1e5f650f3f454da9d74126958aa0df547cad8e,inference,v0.86.1-57-gba0a9f9589,main,ba0a9f958976c1d8d1baf3d2fc5a6aade16d01f2,2026-08-08T20:59:39Z,372.0,88.0,25.0,13.936,3.435222,5.325065,85.0,175.0,21.011,196.011
32552916640,343,2026-08-22T04:53:59Z,https://github.com/githubnext/gh-aw-test/actions/runs/32552916640,551fe942a1a368d517ade6559549753f82a2a5de,inference,v0.86.1-93-g2b4a6df88d,main,2b4a6df88d5ea6216b577a0af184f9cecff96771,2026-08-09T19:33:58Z,282.0,73.0,22.0,12.145501,2.516717,5.549061,77.0,98.0,18.103,116.103
32617180095,398,2026-08-23T04:09:48Z,https://github.com/githubnext/gh-aw-test/actions/runs/32617180095,1188f544bafbaee7ae1555ce7c17b408d8120515,samples,v0.86.2,released,48e5fa3ff52294d91d97715017a9f8693a48387f,2026-08-11T15:44:31Z,162.0,104.0,,,,,,118.0,0.0,118.0
32680266940,431,2026-08-24T01:35:17Z,https://github.com/githubnext/gh-aw-test/actions/runs/32680266940,cd9217c71d571074135a37fdef428b197d6df982,inference,v0.86.2,released,48e5fa3ff52294d91d97715017a9f8693a48387f,2026-08-11T15:44:31Z,244.0,88.0,25.0,14.306619,2.679269,6.666831,68.0,90.0,21.653,111.653
32688596979,439,2026-08-24T04:03:28Z,https://github.com/githubnext/gh-aw-test/actions/runs/32688596979,eb311aa5a06c2c73ac7dfb2a8bb5aeff4a4d2f8c,samples,v0.86.2,released,48e5fa3ff52294d91d97715017a9f8693a48387f,2026-08-11T15:44:31Z,123.0,60.0,,,,,,73.0,0.0,73.0
32807373653,443,2026-08-25T04:01:41Z,https://github.com/githubnext/gh-aw-test/actions/runs/32807373653,a4b08111e725259a0f27dbc33579c08130555a61,samples,v0.86.2,released,48e5fa3ff52294d91d97715017a9f8693a48387f,2026-08-11T15:44:31Z,129.0,58.0,,,,,,86.0,0.0,86.0
32928998299,447,2026-08-26T04:07:06Z,https://github.com/githubnext/gh-aw-test/actions/runs/32928998299,055e506ac66c98c64e64e3604b630b336b244f4c,samples,v0.86.2,released,48e5fa3ff52294d91d97715017a9f8693a48387f,2026-08-11T15:44:31Z,110.0,52.0,,,,,,64.0,0.0,64.0
33043108257,451,2026-08-27T05:37:54Z,https://github.com/githubnext/gh-aw-test/actions/runs/33043108257,96f125f2d3289fd9b9445d18e9fdec48038a8cdb,samples,v0.86.2,released,48e5fa3ff52294d91d97715017a9f8693a48387f,2026-08-11T15:44:31Z,126.0,47.0,,,,,,61.0,0.0,61.0
33148094861,455,2026-08-28T06:29:36Z,https://github.com/githubnext/gh-aw-test/actions/runs/33148094861,ca8431d8f0ed7e412813a1b7f53c10dad03a4d5c,samples,v0.86.2,released,48e5fa3ff52294d91d97715017a9f8693a48387f,2026-08-11T15:44:31Z,113.0,48.0,,,,,,67.0,0.0,67.0
33233406670,459,2026-08-29T04:16:05Z,https://github.com/githubnext/gh-aw-test/actions/runs/33233406670,04096a9ffb6949555cba09a7c13a3bdf285dedf3,samples,v0.86.2,released,48e5fa3ff52294d91d97715017a9f8693a48387f,2026-08-11T15:44:31Z,137.0,63.0,,,,,,75.0,0.0,75.0
33355721010,464,2026-08-31T04:02:13Z,https://github.com/githubnext/gh-aw-test/actions/runs/33355721010,34f946218d985dd156d0554bb52bf2287c18c6a0,samples,v0.86.2,released,48e5fa3ff52294d91d97715017a9f8693a48387f,2026-08-11T15:44:31Z,111.0,47.0,,,,,,69.0,0.0,69.0
32554705152,345,2026-08-22T05:34:35Z,https://github.com/githubnext/gh-aw-test/actions/runs/32554705152,b74827835fa0c4336ebce63e5171d2de229ebc25,inference,v0.86.2-19-g11b9b2a51a,main,11b9b2a51a0ae7eb9bfd49486c652ddb8e7fa350,2026-08-11T23:30:12Z,374.0,126.0,25.0,14.204064,1.142965,6.900373,76.0,161.0,19.94,180.94
32555182874,347,2026-08-22T05:45:40Z,https://github.com/githubnext/gh-aw-test/actions/runs/32555182874,23e4b0b58cab14480931a67dc9e2db0757c5c598,inference,v0.86.2-34-gcccc09ad09,main,cccc09ad0907430c5307578c485c51f1877dab95,2026-08-12T18:35:04Z,329.0,108.0,27.0,15.237134,2.544712,7.654985,81.0,122.0,23.364,145.364
32555618402,348,2026-08-22T05:55:51Z,https://github.com/githubnext/gh-aw-test/actions/runs/32555618402,27450b2d60439da0b056f8f1c523003817da5eda,inference,v0.86.2-59-g903f16a9eb,main,903f16a9eba25a03cc4cdad5c45d43e72ddd4b37,2026-08-13T20:08:39Z,342.0,89.0,20.0,11.745528,1.704791,5.299766,96.0,116.0,17.02,133.02
32556073604,349,2026-08-22T06:06:03Z,https://github.com/githubnext/gh-aw-test/actions/runs/32556073604,36f9d8fe815af06ea42c8d5ae7f21147de5d9e9c,inference,v0.86.2-73-gc35faf436c,main,c35faf436c798d9535df6b69a6c6f3708c5ec021,2026-08-14T19:13:46Z,380.0,122.0,38.0,23.232251,6.36776,6.715909,67.0,131.0,33.788,164.788
32680559983,432,2026-08-24T01:40:49Z,https://github.com/githubnext/gh-aw-test/actions/runs/32680559983,60deccccec4b551fcc8ce85d2fa88a7ddced6c27,inference,v0.86.3,released,6062cd2238b68226eb2bfd47607703ed7944330f,2026-08-15T16:39:06Z,233.0,94.0,35.0,23.531423,3.541882,6.322477,67.0,74.0,31.178,105.178
32557338562,350,2026-08-22T06:34:50Z,https://github.com/githubnext/gh-aw-test/actions/runs/32557338562,3f1b893b52c8558c6887d4711db02efdebdc6a73,inference,v0.86.3-34-gf36a578e2d,main,f36a578e2dd1f55bd995e46f36f61bb4a4b098e2,2026-08-15T23:51:59Z,333.0,107.0,30.0,16.186172,6.747176,5.81053,82.0,137.0,26.72,163.72
32680861358,433,2026-08-24T01:46:25Z,https://github.com/githubnext/gh-aw-test/actions/runs/32680861358,7e5404c84590992b5754b8988fab9b751dbb8595,inference,v0.87.0,released,10fb8631802577d545941b64f2b9fe7820224ae6,2026-08-16T00:31:58Z,220.0,68.0,23.0,12.925097,1.897617,6.586642,73.0,78.0,19.455,97.455
32557752791,351,2026-08-22T06:44:40Z,https://github.com/githubnext/gh-aw-test/actions/runs/32557752791,428c9165b2850c8a8d03867615fbd76e75288600,inference,v0.87.0-67-g356ceb8bdf,main,356ceb8bdf7cab30485661ca4bebe7318d744af7,2026-08-16T22:59:16Z,338.0,92.0,27.0,15.084172,5.205862,5.345031,75.0,104.0,23.921,127.921
32558234273,352,2026-08-22T06:55:46Z,https://github.com/githubnext/gh-aw-test/actions/runs/32558234273,084cbd0bffd6e0fbd7a5ea657b1739ac7b35aa09,inference,v0.87.0-133-g2b2cf3fb01,main,2b2cf3fb01eefb3e5bda06f3dc21ab2d961492bb,2026-08-17T23:54:25Z,357.0,82.0,30.0,19.489545,3.549743,5.261119,70.0,123.0,26.629,149.629
32681150296,434,2026-08-24T01:51:58Z,https://github.com/githubnext/gh-aw-test/actions/runs/32681150296,08c185de841cccdcb7297d64e983db16e1785f7b,inference,v0.87.1,released,73def1609c73c93951bc9c9e31eef524dfd2162e,2026-08-18T20:01:28Z,183.0,68.0,28.0,14.957427,5.633961,5.340681,53.0,60.0,24.395,84.395
32558698273,353,2026-08-22T07:05:56Z,https://github.com/githubnext/gh-aw-test/actions/runs/32558698273,5beb1204f39c173586fa98069376d6e20a63d8c6,inference,v0.87.1-4-g4845f00caf,main,4845f00caf4609afc9cd34cbb45ad4b8ae621a20,2026-08-18T21:20:18Z,325.0,79.0,27.0,16.267025,2.758475,5.901945,101.0,96.0,23.13,119.13
32559121042,354,2026-08-22T07:15:35Z,https://github.com/githubnext/gh-aw-test/actions/runs/32559121042,5a1f3ae17cecd66a25061108af42170c9b60c574,inference,v0.87.1-44-g5d5e0af5c4,main,5d5e0af5c46ca0d7a29a30fd135e40f29bfe2412,2026-08-19T23:49:52Z,351.0,91.0,31.0,16.888004,5.810803,6.684814,74.0,100.0,26.944,126.944
32681420747,435,2026-08-24T01:56:58Z,https://github.com/githubnext/gh-aw-test/actions/runs/32681420747,5eb64031d2bf28cd449bc10050d28056ef5ee3d8,inference,v0.87.2,released,d46b759176d4402dd99ea454e40841ad3c88c85e,2026-08-20T21:36:22Z,205.0,69.0,27.0,16.012169,3.779061,5.532353,63.0,63.0,23.417,86.417
32559528648,355,2026-08-22T07:25:01Z,https://github.com/githubnext/gh-aw-test/actions/runs/32559528648,fe7fb3a60178e1742990a59b170ae8bbb1dc4983,inference,v0.87.2-2-g45d4273aa5,main,45d4273aa518769fcdcc1a1592305f90ec56d6ae,2026-08-20T23:36:11Z,291.0,79.0,25.0,16.707512,1.907167,5.063674,82.0,97.0,22.066,119.066
32549331589,337,2026-08-22T03:34:06Z,https://github.com/githubnext/gh-aw-test/actions/runs/32549331589,3c3990fde611e9ab14f0cd0db37bae9538a19c81,inference,1bdfdfa5a0,main,1bdfdfa5a0f9d51ce8c1879f2a5f84826ad33735,2026-08-22T03:10:33Z,319.0,89.0,23.0,13.83191,0.66803,7.113482,88.0,107.0,19.323,126.323
32618677146,399,2026-08-23T04:46:10Z,https://github.com/githubnext/gh-aw-test/actions/runs/32618677146,f688980e13dd36a7896a3642df99cc5248b3c3c9,samples,v0.87.4,released,83d6315352f7db8882090ff2026087842f4256b9,2026-08-22T04:09:33Z,113.0,57.0,,,,,,69.0,0.0,69.0
32681695209,436,2026-08-24T02:01:58Z,https://github.com/githubnext/gh-aw-test/actions/runs/32681695209,0f71f4ae45960846d3b55465f48e9e4b1297b3c2,inference,v0.87.4,released,83d6315352f7db8882090ff2026087842f4256b9,2026-08-22T04:09:33Z,236.0,93.0,32.0,21.525855,1.965953,6.626219,72.0,78.0,28.002,106.002
32690445082,440,2026-08-24T04:33:13Z,https://github.com/githubnext/gh-aw-test/actions/runs/32690445082,28d45b4f9e4f4a683119608aefc0fdaf9ec89448,samples,v0.87.4,released,83d6315352f7db8882090ff2026087842f4256b9,2026-08-22T04:09:33Z,98.0,37.0,,,,,,57.0,0.0,57.0
32809352756,444,2026-08-25T04:32:26Z,https://github.com/githubnext/gh-aw-test/actions/runs/32809352756,b8db2f371141050cb01fec183bcc6c4c98dcb6db,samples,v0.87.4,released,83d6315352f7db8882090ff2026087842f4256b9,2026-08-22T04:09:33Z,126.0,48.0,,,,,,77.0,0.0,77.0
32615323303,396,2026-08-23T03:25:46Z,https://github.com/githubnext/gh-aw-test/actions/runs/32615323303,fdd030fb1fef395091953a0e80abe08479d70dc8,inference,eaca36f7a9,main,eaca36f7a97c7a87ec812bb4581c4383aeb1ef20,2026-08-23T02:51:11Z,316.0,88.0,27.0,15.879129,3.116995,6.258065,57.0,97.0,22.959,119.959
32615760973,397,2026-08-23T03:36:04Z,https://github.com/githubnext/gh-aw-test/actions/runs/32615760973,460cf139e3a1543a5decc9f3827c61d404190f6b,samples,eaca36f7a9,main,eaca36f7a97c7a87ec812bb4581c4383aeb1ef20,2026-08-23T02:51:11Z,194.0,43.0,,,,,,104.0,0.0,104.0
32686470697,437,2026-08-24T03:26:53Z,https://github.com/githubnext/gh-aw-test/actions/runs/32686470697,6790f759bb6827f7456587da608e40374f3453ec,inference,5f0cc8dcc8,main,5f0cc8dcc819f7ec3921f710072d1a458161c717,2026-08-24T03:12:48Z,306.0,86.0,24.0,14.32489,1.160314,6.77905,99.0,104.0,19.859,123.859
32686992371,438,2026-08-24T03:35:42Z,https://github.com/githubnext/gh-aw-test/actions/runs/32686992371,d2f02903d42096f5a0a84e34a940d9e549b2ffa4,samples,5f0cc8dcc8,main,5f0cc8dcc819f7ec3921f710072d1a458161c717,2026-08-24T03:12:48Z,190.0,45.0,,,,,,82.0,0.0,82.0
32805036889,441,2026-08-25T03:24:12Z,https://github.com/githubnext/gh-aw-test/actions/runs/32805036889,303227f88eda1715f93dc9c6b4edab8aec802913,inference,acb7522d55,main,acb7522d55438811612aaee81699be79a3f5de4b,2026-08-25T03:17:58Z,327.0,90.0,24.0,14.172018,1.294334,6.424906,92.0,113.0,19.612,132.612
32805653807,442,2026-08-25T03:33:59Z,https://github.com/githubnext/gh-aw-test/actions/runs/32805653807,e8f93a6054c787e16c583ef600356c33e171a0fa,samples,acb7522d55,main,acb7522d55438811612aaee81699be79a3f5de4b,2026-08-25T03:17:58Z,181.0,39.0,,,,,,86.0,0.0,86.0
32930942025,448,2026-08-26T04:37:51Z,https://github.com/githubnext/gh-aw-test/actions/runs/32930942025,a94a09f3156f91f1a9b9a12ae14b25790f132e9a,samples,v0.87.5,released,654cf351a5953df1f2751f49de8a9ca384c07994,2026-08-25T04:44:41Z,109.0,51.0,,,,,,61.0,1.0,62.0
33044810016,452,2026-08-27T06:08:32Z,https://github.com/githubnext/gh-aw-test/actions/runs/33044810016,28f17c0cfba5be44a1193cb6cda47e221b5642a3,samples,v0.87.5,released,654cf351a5953df1f2751f49de8a9ca384c07994,2026-08-25T04:44:41Z,118.0,38.0,,,,,,80.0,0.0,80.0
32926588860,445,2026-08-26T03:28:41Z,https://github.com/githubnext/gh-aw-test/actions/runs/32926588860,c340ea3040aa50507c81b8335f107001f73d0281,inference,818e3a3863,main,818e3a386376d9a06326daf76671450271f909d8,2026-08-25T22:32:27Z,337.0,86.0,24.0,15.538582,0.596948,6.460512,77.0,104.0,20.435,124.435
32927232826,446,2026-08-26T03:38:54Z,https://github.com/githubnext/gh-aw-test/actions/runs/32927232826,32f0860dd5fc7bc86b19d6f16c35664d239036ee,samples,818e3a3863,main,818e3a386376d9a06326daf76671450271f909d8,2026-08-25T22:32:27Z,175.0,60.0,,,,,,103.0,0.0,103.0
33040803722,449,2026-08-27T04:53:54Z,https://github.com/githubnext/gh-aw-test/actions/runs/33040803722,5e61f7fa59b395270ae22f1c5b11aa4e47b450f5,inference,55e950d179,main,55e950d17953b83d17647f85363ce545796b4b6d,2026-08-27T04:18:28Z,345.0,80.0,24.0,15.522261,0.915274,6.163395,97.0,117.0,20.164,137.164
33041351054,450,2026-08-27T05:04:32Z,https://github.com/githubnext/gh-aw-test/actions/runs/33041351054,5f986feb5a6d752e39f5c9f3f72c8f1bf3eca1e9,samples,55e950d179,main,55e950d17953b83d17647f85363ce545796b4b6d,2026-08-27T04:18:28Z,219.0,55.0,,,,,,102.0,0.0,102.0
33149525323,456,2026-08-28T06:54:20Z,https://github.com/githubnext/gh-aw-test/actions/runs/33149525323,c66e893046b38d28f9430b1d103e43dcbbe028b5,samples,v0.87.8,released,e973b8cc974ce0b3628a8f9759b40733b4bf146b,2026-08-27T23:45:56Z,117.0,54.0,,,,,,69.0,0.0,69.0
33145885733,453,2026-08-28T05:48:33Z,https://github.com/githubnext/gh-aw-test/actions/runs/33145885733,4428a6a239df59b0aa7c93de8c005d500938c3ca,inference,76f6ea7c22,main,76f6ea7c222034dcb6282848ba08935d75df1b8f,2026-08-28T04:35:25Z,330.0,81.0,23.0,13.535358,1.639112,6.02274,96.0,98.0,19.027,117.027
33146418391,454,2026-08-28T05:59:02Z,https://github.com/githubnext/gh-aw-test/actions/runs/33146418391,0407a8be0c550d0fc6ba67e065a1bf74b96dca20,samples,76f6ea7c22,main,76f6ea7c222034dcb6282848ba08935d75df1b8f,2026-08-28T04:35:25Z,208.0,42.0,,,,,,79.0,0.0,79.0
33469794676,469,2026-09-01T04:25:37Z,https://github.com/githubnext/gh-aw-test/actions/runs/33469794676,d42091ae5d903e3e2b7b225c00cd26c24a47f96b,samples,v0.87.9,released,a7de5d0332d23da77133645407d0ebe0e4bd266f,2026-08-28T20:40:14Z,112.0,53.0,,,,,,70.0,0.0,70.0
33230962346,457,2026-08-29T03:16:06Z,https://github.com/githubnext/gh-aw-test/actions/runs/33230962346,c25a0c40a50d18ae7e0a1fd71317488eeafda4c4,inference,e29c0f6127,main,e29c0f61279131566937461f9ccc5c591f7dbd0c,2026-08-29T02:00:00Z,333.0,84.0,26.0,16.65452,2.105364,5.871868,77.0,115.0,22.474,137.474
33231392982,458,2026-08-29T03:26:19Z,https://github.com/githubnext/gh-aw-test/actions/runs/33231392982,04ce1cdd922310ca53edaadc0b59b6c6a611b380,samples,e29c0f6127,main,e29c0f61279131566937461f9ccc5c591f7dbd0c,2026-08-29T02:00:00Z,183.0,55.0,,,,,,84.0,0.0,84.0
33289900005,460,2026-08-30T03:16:52Z,https://github.com/githubnext/gh-aw-test/actions/runs/33289900005,cc40f7a10f2aa4a34eedcb5eab6dd47f86da60ae,inference,505c116be3,main,505c116be39a07a7bcdf9f2ada6f899793da238f,2026-08-30T02:23:27Z,309.0,80.0,27.0,15.164898,4.912994,5.364474,71.0,107.0,23.736,130.736
33290312538,461,2026-08-30T03:27:40Z,https://github.com/githubnext/gh-aw-test/actions/runs/33290312538,e480d3c33a0ed1b9ade44fcc5155cf106a6be860,samples,77c28f2dc3,main,77c28f2dc3dd116eadb6eeb22082599acfe8608a,2026-08-30T03:24:35Z,174.0,48.0,,,,,,92.0,1.0,93.0
33353384572,462,2026-08-31T03:17:37Z,https://github.com/githubnext/gh-aw-test/actions/runs/33353384572,39d4cb90707cee595998e08e8dab7e27c6607e17,inference,v0.87.10,released,ff62cdbec36230acbae869ddb28806e8eca01ea1,2026-08-31T02:20:51Z,551.0,194.0,62.0,35.588303,13.000468,8.891329,86.0,279.0,54.305,333.305
33354115383,463,2026-08-31T03:31:35Z,https://github.com/githubnext/gh-aw-test/actions/runs/33354115383,72ac225cdb96fd0d6465b931868480c2a52b0165,samples,v0.87.10,released,ff62cdbec36230acbae869ddb28806e8eca01ea1,2026-08-31T02:20:51Z,284.0,59.0,,,,,,159.0,0.0,159.0
33357286535,465,2026-08-31T04:29:54Z,https://github.com/githubnext/gh-aw-test/actions/runs/33357286535,c11fe3a587fe83a5920e37288b70e76418191066,samples,v0.87.10,released,ff62cdbec36230acbae869ddb28806e8eca01ea1,2026-08-31T02:20:51Z,100.0,43.0,,,,,,61.0,0.0,61.0
33468386886,468,2026-09-01T04:02:54Z,https://github.com/githubnext/gh-aw-test/actions/runs/33468386886,10fd241bf3578f20e3113194ed2ba8e868ae387a,samples,v0.87.10,released,ff62cdbec36230acbae869ddb28806e8eca01ea1,2026-08-31T02:20:51Z,162.0,57.0,,,,,,116.0,0.0,116.0
33589158410,472,2026-09-02T04:00:36Z,https://github.com/githubnext/gh-aw-test/actions/runs/33589158410,75bd64b871271649b6e65b2bff1eee502064d407,samples,v0.87.10,released,ff62cdbec36230acbae869ddb28806e8eca01ea1,2026-08-31T02:20:51Z,149.0,69.0,,,,,,88.0,0.0,88.0
33718340645,476,2026-09-03T05:18:56Z,https://github.com/githubnext/gh-aw-test/actions/runs/33718340645,a70bfe0663a31d27c38513494b9d84668ef13b36,samples,v0.87.10,released,ff62cdbec36230acbae869ddb28806e8eca01ea1,2026-08-31T02:20:51Z,111.0,49.0,,,,,,70.0,0.0,70.0
33465727402,466,2026-09-01T03:18:23Z,https://github.com/githubnext/gh-aw-test/actions/runs/33465727402,ebb1ccdfeb50a5f5d159d1d2204f91720b0913e1,inference,7206a58068,main,7206a58068deaf2662682016ede08f095d359eaa,2026-09-01T02:59:06Z,342.0,73.0,23.0,14.640145,1.972485,4.710429,91.0,98.0,19.891,117.891
33466354665,467,2026-09-01T03:28:43Z,https://github.com/githubnext/gh-aw-test/actions/runs/33466354665,ae3ad7f75de65fb9f3c3f9d1e173e7648acb62e1,samples,4a88fd99c3,main,4a88fd99c35f472689e00820f8c122163cfbf89f,2026-09-01T03:21:47Z,238.0,56.0,,,,,,149.0,0.0,149.0
33590677014,473,2026-09-02T04:24:18Z,https://github.com/githubnext/gh-aw-test/actions/runs/33590677014,ab89180a334e70cd7b07a32709cbf9f6ff8af457,samples,v0.88.0,released,a5297995b4bd76a2afcc39f10f2517a65aff172c,2026-09-01T21:21:26Z,160.0,62.0,,,,,,108.0,0.0,108.0
33586531796,470,2026-09-02T03:18:22Z,https://github.com/githubnext/gh-aw-test/actions/runs/33586531796,ec05ae2476d670c750b4ab2d8bb5fe2f198ba631,inference,bde2c79aa0,main,bde2c79aa0d617f105f5e5d2918f261b43b3807e,2026-09-02T03:05:35Z,391.0,136.0,47.0,27.918643,6.26385,9.448517,88.0,136.0,41.448,177.448
33715347254,474,2026-09-03T04:31:22Z,https://github.com/githubnext/gh-aw-test/actions/runs/33715347254,ae8d73bf1392500f7f1e5c33b15aa0d57ffc3e00,inference,8e30bcd889,main,8e30bcd8897f5047051fa3971188e1dd4cdb23cf,2026-09-03T04:28:48Z,333.0,94.0,30.0,18.636732,4.199428,5.747763,77.0,113.0,26.823,139.823
33716003352,475,2026-09-03T04:42:05Z,https://github.com/githubnext/gh-aw-test/actions/runs/33716003352,74c1e28132f9c9e08e5cbebd9074f25b838013fa,samples,v0.88.2,released,8e30bcd8897f5047051fa3971188e1dd4cdb23cf,2026-09-03T04:28:48Z,188.0,63.0,,,,,,82.0,0.0,82.0
33835642275,479,2026-09-04T04:07:29Z,https://github.com/githubnext/gh-aw-test/actions/runs/33835642275,d792209369a1bfb8cd3af8dd493ddd2384d3b1c3,samples,v0.88.2,released,8e30bcd8897f5047051fa3971188e1dd4cdb23cf,2026-09-03T04:28:48Z,138.0,43.0,,,,,,69.0,0.0,69.0
33943553610,483,2026-09-05T04:04:04Z,https://github.com/githubnext/gh-aw-test/actions/runs/33943553610,1f27637a02ac2ef73a2ab11920a1669a02738007,samples,v0.88.2,released,8e30bcd8897f5047051fa3971188e1dd4cdb23cf,2026-09-03T04:28:48Z,146.0,46.0,,,,,,73.0,0.0,73.0
34081784475,488,2026-09-07T04:04:38Z,https://github.com/githubnext/gh-aw-test/actions/runs/34081784475,d9fcfa04244736f65a19962522439a8be4c3ae9a,samples,v0.88.2,released,8e30bcd8897f5047051fa3971188e1dd4cdb23cf,2026-09-03T04:28:48Z,178.0,37.0,,,,,,82.0,0.0,82.0
34185562905,492,2026-09-08T04:02:25Z,https://github.com/githubnext/gh-aw-test/actions/runs/34185562905,a342058b8923381c3cbb54506be369095d500acc,samples,v0.88.2,released,8e30bcd8897f5047051fa3971188e1dd4cdb23cf,2026-09-03T04:28:48Z,230.0,65.0,,,,,,98.0,0.0,98.0
33837435716,480,2026-09-04T04:36:30Z,https://github.com/githubnext/gh-aw-test/actions/runs/33837435716,b739855e183f544103e77919d94dca21dc3b1fba,samples,v0.88.3,released,96a53c581e1354dc0768ff5964ea3485e434ee4e,2026-09-03T20:10:13Z,141.0,44.0,,,,,,71.0,0.0,71.0
33832610327,477,2026-09-04T03:16:34Z,https://github.com/githubnext/gh-aw-test/actions/runs/33832610327,5b4cd783d12026ce44f85c6569dc524dc65d46f6,inference,76182db3ee,main,76182db3eedf54cb4ac6e4415dca550bcb0f77c6,2026-09-04T02:17:41Z,439.0,85.0,27.0,17.789078,2.249572,5.61549,82.0,120.0,23.742,143.742
33833352495,478,2026-09-04T03:28:50Z,https://github.com/githubnext/gh-aw-test/actions/runs/33833352495,213d850411d7348e3ec4f8b7aec79fc72e0c93e8,samples,76182db3ee,main,76182db3eedf54cb4ac6e4415dca550bcb0f77c6,2026-09-04T02:17:41Z,271.0,52.0,,,,,,117.0,0.0,117.0
33944909410,484,2026-09-05T04:34:11Z,https://github.com/githubnext/gh-aw-test/actions/runs/33944909410,4418451f065083b07ac8d9e1ae685120cb4a11a7,samples,v0.88.4,released,82239c030d6a1ef6ec8b87a80a1346eeef211f8d,2026-09-04T06:02:13Z,157.0,47.0,,,,,,75.0,0.0,75.0
34083680068,489,2026-09-07T04:35:40Z,https://github.com/githubnext/gh-aw-test/actions/runs/34083680068,a49af410bfa9e4d08cf1f95c1a3d4896d1f8423d,samples,v0.88.4,released,82239c030d6a1ef6ec8b87a80a1346eeef211f8d,2026-09-04T06:02:13Z,164.0,64.0,,,,,,105.0,0.0,105.0
33941353410,481,2026-09-05T03:15:34Z,https://github.com/githubnext/gh-aw-test/actions/runs/33941353410,9fee1c2649f5688e5b9f39a55a35e9420da8943b,inference,5473143ca3,main,5473143ca3ae4c834eaa0bf939b8bb539db43969,2026-09-05T03:11:57Z,376.0,117.0,35.0,24.326512,2.73045,6.294846,72.0,135.0,31.295,166.295
33941860161,482,2026-09-05T03:26:34Z,https://github.com/githubnext/gh-aw-test/actions/runs/33941860161,9f837344e8afb05803b65400d52c8b90e160edd4,samples,5473143ca3,main,5473143ca3ae4c834eaa0bf939b8bb539db43969,2026-09-05T03:11:57Z,328.0,62.0,,,,,,184.0,0.0,184.0
34008530617,485,2026-09-06T03:15:16Z,https://github.com/githubnext/gh-aw-test/actions/runs/34008530617,73940945a5a8ff37fbb0686688858bc248ddbed2,inference,5fb169b274,main,5fb169b274800b699553feb0054ebb8cfa5b3f3e,2026-09-06T02:38:09Z,321.0,90.0,28.0,19.349572,1.092301,5.830545,72.0,122.0,24.288,146.288
34079107256,486,2026-09-07T03:16:39Z,https://github.com/githubnext/gh-aw-test/actions/runs/34079107256,0c0894fe26bc29868023b91244edafc833d086f3,inference,e79e3685c1,main,e79e3685c1268d46028d117714c145c0040d0fff,2026-09-07T02:39:26Z,430.0,98.0,28.0,16.946532,2.288864,6.6658,97.0,129.0,23.494,152.494
34079776172,487,2026-09-07T03:28:46Z,https://github.com/githubnext/gh-aw-test/actions/runs/34079776172,9332e340d7468139a091f78ee4a0ab9da46e8c41,samples,e79e3685c1,main,e79e3685c1268d46028d117714c145c0040d0fff,2026-09-07T02:39:26Z,257.0,51.0,,,,,,135.0,0.0,135.0
34187353416,493,2026-09-08T04:32:29Z,https://github.com/githubnext/gh-aw-test/actions/runs/34187353416,87d1c70dc0bb232a07473ca8f4099ba0a78c882a,samples,v0.88.6,released,b52dd75307b4233bd710ce0a0afd96766c2a48e3,2026-09-07T22:13:55Z,157.0,51.0,,,,,,79.0,0.0,79.0
34182901012,490,2026-09-08T03:15:45Z,https://github.com/githubnext/gh-aw-test/actions/runs/34182901012,5f285a117e0c20d4f2b21028fac29015074b69d7,inference,4fbd3efbb3,main,4fbd3efbb3c2bcff7c3b64c5f32add12e27e6889,2026-09-08T01:46:13Z,386.0,82.0,22.0,12.989811,0.963894,6.199712,92.0,120.0,18.032,138.032
34183526364,491,2026-09-08T03:26:39Z,https://github.com/githubnext/gh-aw-test/actions/runs/34183526364,e804c613f637392979764c721b50b55f6cb9e1d6,samples,4fbd3efbb3,main,4fbd3efbb3c2bcff7c3b64c5f32add12e27e6889,2026-09-08T01:46:13Z,406.0,53.0,,,,,,108.0,1.0,109.0
